Nome,Estrelas,Criado Em,Última Atualização,Tamanho (KB)
Snailclimb/JavaGuide,148712,2018-05-07T13:27:00Z,2025-03-13T02:14:08Z,176617
krahets/hello-algo,110274,2022-11-04T11:08:34Z,2025-03-14T09:56:41Z,358488
iluwatar/java-design-patterns,90999,2014-08-09T16:45:18Z,2025-03-11T19:47:43Z,36269
macrozheng/mall,79490,2018-04-04T01:11:44Z,2025-03-10T08:32:04Z,58699
doocs/advanced-java,77238,2018-10-06T11:38:30Z,2025-03-10T22:25:04Z,33605
spring-projects/spring-boot,76455,2012-10-19T15:02:57Z,2025-03-15T00:24:56Z,184839
MisterBooo/LeetCodeAnimation,75769,2018-12-06T08:01:22Z,2023-08-14T12:14:01Z,509807
elastic/elasticsearch,71997,2010-02-08T13:20:56Z,2025-03-16T23:13:33Z,1379118
kdn251/interviews,64016,2017-02-14T18:19:25Z,2024-05-13T08:48:36Z,24091
TheAlgorithms/Java,61093,2016-07-16T10:21:02Z,2025-03-14T23:52:56Z,5569
spring-projects/spring-framework,57555,2010-12-08T04:04:45Z,2025-03-16T15:15:37Z,222175
NationalSecurityAgency/ghidra,55376,2019-03-01T03:27:48Z,2025-03-13T15:11:15Z,380525
Stirling-Tools/Stirling-PDF,54184,2023-01-27T18:22:42Z,2025-03-17T00:15:32Z,81201
google/guava,50586,2014-05-29T16:23:17Z,2025-03-14T17:46:13Z,537793
ReactiveX/RxJava,48042,2013-01-08T20:11:48Z,2025-03-10T08:34:15Z,143562
skylot/jadx,43185,2013-03-18T17:08:21Z,2025-03-14T16:13:32Z,23127
dbeaver/dbeaver,42261,2015-10-21T08:26:28Z,2025-03-15T17:21:35Z,192860
jeecgboot/JeecgBoot,41864,2018-11-26T10:40:00Z,2025-03-16T08:04:54Z,71667
apache/dubbo,40818,2012-06-19T07:56:02Z,2025-03-14T13:37:17Z,59571
termux/termux-app,39772,2015-10-23T09:42:46Z,2025-03-15T06:26:11Z,4408
PhilJay/MPAndroidChart,37862,2014-04-25T14:29:47Z,2024-08-20T14:01:30Z,21720
eugenp/tutorials,37082,2013-04-29T18:26:36Z,2025-03-16T11:13:04Z,108445
alibaba/arthas,36056,2018-08-29T17:15:57Z,2025-03-12T02:52:54Z,55354
geekxh/hello-algorithm,35511,2020-05-29T05:47:09Z,2023-06-13T04:13:17Z,365053
airbnb/lottie-android,35238,2016-10-06T22:42:42Z,2025-03-04T01:41:10Z,137128
halo-dev/halo,34976,2018-03-21T12:56:52Z,2025-03-13T10:25:04Z,76202
bumptech/glide,34816,2013-07-08T22:52:33Z,2025-02-13T19:00:51Z,97220
netty/netty,33874,2010-11-09T09:22:21Z,2025-03-16T23:08:15Z,94333
Blankj/AndroidUtilCode,33489,2016-07-30T18:18:32Z,2024-08-15T10:38:10Z,47329
xkcoding/spring-boot-demo,33486,2017-11-10T06:27:29Z,2024-07-24T02:02:52Z,14194
doocs/leetcode,33289,2018-09-16T14:03:03Z,2025-03-17T00:34:42Z,16738292
TeamNewPipe/NewPipe,33226,2015-09-03T23:39:26Z,2025-03-16T21:08:23Z,79284
alibaba/easyexcel,33200,2018-02-06T03:14:08Z,2024-10-29T06:07:07Z,26334
zxing/zxing,33156,2011-10-12T14:07:27Z,2025-02-10T14:22:04Z,242772
SeleniumHQ/selenium,31833,2013-01-14T21:40:56Z,2025-03-17T00:38:34Z,2261319
alibaba/nacos,30987,2018-06-15T06:49:27Z,2025-03-14T03:37:07Z,61377
binarywang/WxJava,30726,2016-01-06T08:24:05Z,2025-03-06T12:56:12Z,18101
ityouknow/spring-boot-examples,30401,2016-11-05T05:32:33Z,2023-11-18T16:32:16Z,1074
YunaiV/ruoyi-vue-pro,29661,2021-01-24T03:18:25Z,2025-03-16T09:27:16Z,176789
apache/kafka,29659,2011-08-15T18:06:16Z,2025-03-16T19:37:20Z,237269
chinabugotech/hutool,29613,2014-04-13T07:23:51Z,2025-03-11T01:26:07Z,66746
apolloconfig/apollo,29380,2016-03-04T10:24:23Z,2025-03-03T01:09:29Z,56556
alibaba/canal,28887,2013-01-13T10:59:52Z,2025-01-24T09:14:41Z,24088
wuyouzhuguli/SpringAll,28659,2018-05-02T02:48:44Z,2024-05-31T14:56:35Z,1069
xuxueli/xxl-job,28445,2015-11-28T12:59:34Z,2025-03-04T14:58:05Z,37481
alibaba/spring-cloud-alibaba,28307,2017-12-01T20:49:15Z,2024-12-04T01:22:42Z,55608
alibaba/druid,28088,2011-11-03T05:12:51Z,2025-03-13T06:36:15Z,88619
lenve/vhr,27651,2018-01-04T08:57:51Z,2024-11-25T00:07:39Z,8480
crossoverJie/JCSprout,27104,2017-12-17T09:06:50Z,2024-05-21T02:46:20Z,1191
qiurunze123/miaosha,26276,2018-09-14T04:36:24Z,2024-06-06T19:31:57Z,65689
keycloak/keycloak,25955,2013-07-02T13:38:51Z,2025-03-17T01:03:14Z,534215
DrKLO/Telegram,25902,2013-10-25T14:08:10Z,2025-03-10T13:39:33Z,498048
alibaba/fastjson,25775,2011-11-03T06:58:52Z,2024-07-16T07:35:37Z,15513
apache/incubator-seata,25544,2018-12-28T08:37:22Z,2025-03-16T12:25:12Z,25945
JakeWharton/butterknife,25532,2013-03-05T08:18:59Z,2023-09-02T07:41:30Z,3909
hollischuang/toBeTopJavaer,25421,2018-10-25T09:54:54Z,2024-01-03T13:58:24Z,8004
scwang90/SmartRefreshLayout,25048,2017-06-02T09:52:50Z,2024-12-04T12:28:17Z,274026
proxyee-down-org/proxyee-down,24905,2017-10-25T10:07:27Z,2024-07-16T09:22:28Z,26864
greenrobot/EventBus,24739,2012-07-16T16:55:40Z,2024-02-21T18:18:34Z,1742
apache/flink,24634,2014-06-07T07:00:10Z,2025-03-14T09:22:46Z,521262
Netflix/Hystrix,24261,2012-11-19T20:14:46Z,2023-10-17T13:04:47Z,9799
apache/skywalking,24152,2015-11-07T03:30:36Z,2025-03-16T09:49:44Z,172772
libgdx/libgdx,23820,2012-08-10T19:34:38Z,2025-03-16T17:35:47Z,1105290
bazelbuild/bazel,23777,2014-06-12T16:00:38Z,2025-03-15T00:00:50Z,963304
jenkinsci/jenkins,23752,2010-11-22T21:21:23Z,2025-03-16T13:34:21Z,163766
redisson/redisson,23664,2014-01-11T14:06:25Z,2025-03-14T15:45:09Z,30393
google/gson,23614,2015-03-19T18:21:20Z,2025-03-16T15:54:35Z,13576
Anuken/Mindustry,23473,2017-04-30T01:24:29Z,2025-03-09T14:19:18Z,1852981
OpenAPITools/openapi-generator,23091,2018-05-12T09:57:56Z,2025-03-16T14:03:04Z,907546
alibaba/Sentinel,22628,2018-04-04T06:37:33Z,2024-10-24T12:34:45Z,8335
doocs/source-code-hunter,22545,2019-10-28T01:35:10Z,2025-02-12T14:36:31Z,70451
EnterpriseQualityCoding/FizzBuzzEnterpriseEdition,22206,2012-11-24T00:14:41Z,2024-07-15T08:04:08Z,340
google/ExoPlayer,21799,2014-06-13T21:19:18Z,2024-08-07T18:54:48Z,484242
yuliskov/SmartTube,21788,2020-07-28T12:53:52Z,2025-03-16T22:48:00Z,93361
apache/rocketmq,21611,2016-11-30T08:00:08Z,2025-03-15T07:02:07Z,43276
ashishps1/awesome-system-design-resources,21582,2023-10-25T01:50:42Z,2025-03-04T06:12:46Z,2252
elunez/eladmin,21545,2018-12-14T08:54:24Z,2025-02-19T02:11:50Z,7490
iBotPeaches/Apktool,21510,2012-03-19T17:46:53Z,2025-03-13T11:01:19Z,313905
CodePhiliaX/Chat2DB,20731,2023-06-20T14:05:26Z,2025-03-05T07:57:52Z,18690
oracle/graal,20694,2016-01-14T17:11:35Z,2025-03-16T16:48:14Z,429451
openjdk/jdk,20593,2018-09-17T12:29:20Z,2025-03-16T21:53:09Z,1303381
CarGuo/GSYVideoPlayer,20584,2016-11-13T12:34:31Z,2025-02-18T07:09:27Z,337852
conductor-oss/conductor,20407,2023-12-08T06:06:09Z,2025-03-12T21:38:25Z,35238
brettwooldridge/HikariCP,20311,2013-10-08T05:43:03Z,2024-12-13T17:17:35Z,5042
didi/DoKit,20289,2018-08-14T10:32:07Z,2025-02-06T03:42:43Z,58615
apache/shardingsphere,20115,2016-01-18T12:49:26Z,2025-03-17T01:04:10Z,659783
mybatis/mybatis-3,19995,2013-02-14T19:03:32Z,2025-03-15T21:16:54Z,158367
ReactiveX/RxAndroid,19867,2014-08-19T03:46:38Z,2024-08-07T18:30:28Z,1045
dataease/dataease,19580,2021-02-02T04:10:21Z,2025-03-15T10:38:06Z,300019
linlinjava/litemall,19531,2018-03-22T16:42:30Z,2025-01-04T11:44:29Z,24591
yudaocode/SpringBoot-Labs,19460,2018-09-12T14:51:46Z,2024-04-28T06:20:25Z,1813
LSPosed/LSPosed,19443,2020-12-12T08:39:37Z,2025-03-04T21:28:36Z,21605
Baseflow/PhotoView,18831,2012-07-17T16:39:00Z,2022-03-25T09:53:49Z,16896
dianping/cat,18807,2012-12-05T02:31:48Z,2025-01-04T10:23:47Z,114117
kunal-kushwaha/DSA-Bootcamp-Java,18546,2021-07-30T12:23:25Z,2024-08-18T08:21:57Z,101640
thingsboard/thingsboard,18418,2016-12-01T09:33:30Z,2025-03-14T16:47:32Z,289104
forezp/SpringCloudLearning,17925,2017-04-08T10:06:56Z,2021-04-12T09:53:47Z,582
williamfiset/Algorithms,17750,2017-03-18T02:50:46Z,2024-12-30T10:03:15Z,1274506
JetBrains/intellij-community,17735,2011-09-30T13:33:05Z,2025-03-16T18:30:10Z,5207775
antlr/antlr4,17688,2010-02-04T01:36:28Z,2025-03-10T00:12:19Z,70600
LMAX-Exchange/disruptor,17670,2012-09-21T13:42:24Z,2025-02-16T11:03:59Z,10135
Tencent/APIJSON,17528,2016-11-21T12:03:29Z,2025-03-16T10:01:29Z,73314
Tencent/tinker,17255,2016-09-06T06:57:52Z,2025-01-21T09:40:52Z,7037
dromara/Sa-Token,17202,2020-02-03T10:34:29Z,2025-03-14T11:49:06Z,8070
openzipkin/zipkin,17143,2012-06-06T18:26:16Z,2025-02-21T12:40:03Z,77330
facebook/fresco,17099,2015-03-02T09:58:04Z,2025-03-16T20:41:40Z,77517
YunaiV/yudao-cloud,16893,2019-05-02T16:06:49Z,2025-03-16T09:40:08Z,44821
infinilabs/analysis-ik,16863,2011-12-16T09:01:45Z,2025-02-14T03:51:57Z,7673
justauth/JustAuth,16797,2019-01-31T09:42:20Z,2024-12-14T09:34:26Z,9643
nostra13/Android-Universal-Image-Loader,16777,2011-11-27T18:48:23Z,2024-08-15T11:03:23Z,27133
winterbe/java8-tutorial,16771,2014-03-16T17:25:43Z,2023-08-11T18:44:34Z,149
shuzheng/zheng,16712,2016-10-04T10:07:06Z,2022-12-16T09:53:00Z,41267
baomidou/mybatis-plus,16711,2016-08-18T10:06:53Z,2025-03-15T13:18:10Z,30735
material-components/material-components-android,16615,2016-12-05T16:11:29Z,2025-03-11T18:02:08Z,153165
kestra-io/kestra,16478,2019-08-24T13:56:15Z,2025-03-16T23:24:47Z,55496
Grasscutters/Grasscutter,16474,2022-04-17T12:43:46Z,2024-11-30T00:50:50Z,101462
JeffLi1993/springboot-learning-example,16442,2017-02-06T07:02:25Z,2023-12-03T12:33:47Z,407
ben-manes/caffeine,16378,2014-12-13T08:45:11Z,2025-03-07T05:09:04Z,108296
alibaba/DataX,16291,2018-01-18T10:09:47Z,2025-02-18T05:53:28Z,22870
heibaiying/BigData-Notes,16256,2019-03-10T01:40:01Z,2024-01-05T03:00:32Z,24052
prestodb/presto,16251,2012-08-09T01:03:37Z,2025-03-16T18:50:07Z,234927
xiaojieonly/Ehviewer_CN_SXJ,16194,2020-11-09T06:14:31Z,2025-03-06T06:17:54Z,13793
dyc87112/SpringBoot-Learning,15769,2016-08-21T03:39:06Z,2023-12-17T15:45:30Z,34384
android-hacker/VirtualXposed,15622,2017-12-01T09:00:58Z,2024-03-08T05:09:27Z,49794
android10/Android-CleanArchitecture,15532,2014-08-19T14:09:26Z,2023-04-28T06:54:52Z,5191
gyoogle/tech-interview-for-developer,15447,2019-06-09T04:42:57Z,2024-11-19T23:41:00Z,6615
mockito/mockito,15063,2012-10-13T20:27:12Z,2025-03-15T21:14:08Z,49293
questdb/questdb,14980,2014-04-28T23:29:15Z,2025-03-16T19:19:37Z,743332
apache/hadoop,14980,2014-08-28T07:00:08Z,2025-03-15T01:06:55Z,592861
Konloch/bytecode-viewer,14898,2014-10-14T10:26:46Z,2025-03-09T06:10:18Z,648615
zhisheng17/flink-learning,14692,2019-01-01T07:38:28Z,2025-03-12T03:53:35Z,43620
hdodenhof/CircleImageView,14542,2014-01-17T16:44:46Z,2024-05-03T11:20:49Z,1003
apache/pulsar,14495,2016-06-28T07:00:03Z,2025-03-14T21:14:12Z,234081
alibaba/ARouter,14474,2016-12-14T01:27:49Z,2023-09-11T06:07:41Z,26589
Tencent/QMUI_Android,14473,2017-04-21T10:03:18Z,2024-11-05T06:18:02Z,21963
eclipse-vertx/vert.x,14425,2011-06-17T14:54:55Z,2025-03-12T15:31:48Z,117926
elastic/logstash,14379,2010-11-18T01:31:50Z,2025-03-14T22:25:38Z,130408
java-decompiler/jd-gui,14372,2015-03-25T05:28:41Z,2024-07-08T18:45:59Z,56989
arduino/Arduino,14277,2010-09-17T19:10:36Z,2024-10-18T16:32:19Z,1390211
quarkusio/quarkus,14218,2018-07-06T00:44:20Z,2025-03-14T22:30:02Z,372974
neo4j/neo4j,13960,2012-11-12T08:46:15Z,2025-03-11T13:55:16Z,655949
supertokens/supertokens-core,13933,2020-01-05T13:30:52Z,2025-03-13T20:36:20Z,60114
deeplearning4j/deeplearning4j,13859,2013-11-27T02:03:28Z,2025-03-15T21:35:46Z,751961
orhanobut/logger,13848,2015-03-20T22:30:12Z,2022-09-14T10:04:00Z,1873
GoogleContainerTools/jib,13829,2018-01-22T18:30:43Z,2025-03-14T20:39:44Z,16763
theonedev/onedev,13772,2018-11-06T02:57:01Z,2025-03-15T09:53:15Z,224467
Netflix/zuul,13647,2013-03-13T18:53:57Z,2025-03-14T16:55:35Z,5391
apache/druid,13638,2012-10-23T19:08:07Z,2025-03-14T16:25:34Z,368961
Curzibn/Luban,13627,2016-07-24T07:43:21Z,2021-11-06T13:32:29Z,5029
seaswalker/spring-analysis,13605,2016-09-09T07:46:32Z,2023-03-24T12:08:27Z,4951
JessYanCoding/AndroidAutoSize,13584,2018-08-17T09:04:19Z,2023-05-28T15:08:32Z,3131
pinpoint-apm/pinpoint,13540,2014-10-20T09:27:22Z,2025-03-14T10:57:37Z,262146
tink-crypto/tink,13521,2014-06-06T16:21:09Z,2024-04-17T11:08:35Z,61010
lgvalle/Material-Animations,13512,2015-03-08T20:54:00Z,2019-04-02T15:42:38Z,8692
Bigkoo/Android-PickerView,13470,2014-12-28T01:46:38Z,2022-12-30T03:36:03Z,6389
sqshq/piggymetrics,13411,2015-03-29T17:56:31Z,2024-05-17T09:38:48Z,1512
LuckSiege/PictureSelector,13403,2017-01-04T07:47:39Z,2024-05-11T03:14:44Z,542078
apache/doris,13326,2017-08-10T12:13:30Z,2025-03-16T12:16:51Z,1030598
apache/dolphinscheduler,13321,2019-03-01T16:39:25Z,2025-03-14T10:24:53Z,247448
zaproxy/zaproxy,13315,2015-06-03T16:55:01Z,2025-03-11T09:17:17Z,199969
janishar/mit-deep-learning-book-pdf,13202,2017-04-07T10:46:50Z,2023-10-09T08:55:12Z,43571
DuGuQiuBai/Java,13192,2015-11-25T07:30:08Z,2024-07-20T03:42:57Z,24346
macrozheng/mall-learning,13085,2019-04-12T13:20:31Z,2024-09-15T01:05:39Z,39420
projectlombok/lombok,13063,2009-06-08T19:46:41Z,2025-03-07T08:19:33Z,80857
youth5201314/banner,12969,2016-04-22T05:50:25Z,2024-01-11T08:41:56Z,11310
languagetool-org/languagetool,12880,2013-08-08T16:37:22Z,2025-03-16T12:19:46Z,5826815
Netflix/conductor,12791,2016-12-07T22:48:42Z,2023-12-22T23:40:04Z,29469
facebook/stetho,12693,2015-01-22T22:34:10Z,2024-10-26T03:44:45Z,2392
greenrobot/greenDAO,12624,2011-10-22T16:15:14Z,2024-04-30T05:30:59Z,7353
pxb1988/dex2jar,12584,2015-03-16T09:13:07Z,2024-07-21T06:08:25Z,8725
google/guice,12579,2014-05-28T23:18:53Z,2025-03-11T18:39:05Z,125084
zhihu/Matisse,12547,2017-04-13T01:31:05Z,2023-05-15T09:55:57Z,1991
cryptomator/cryptomator,12526,2014-02-02T00:43:47Z,2025-03-14T12:51:27Z,24997
Netflix/eureka,12504,2012-07-26T22:23:07Z,2025-02-26T22:08:14Z,12481
codecentric/spring-boot-admin,12497,2014-07-25T11:39:13Z,2025-03-15T07:07:25Z,78185
daimajia/AndroidViewAnimations,12453,2014-06-23T03:53:13Z,2021-08-18T23:15:07Z,297
apache/zookeeper,12409,2009-03-27T15:41:56Z,2025-03-12T21:23:51Z,149249
daimajia/AndroidSwipeLayout,12399,2014-08-25T04:09:33Z,2023-11-10T08:30:13Z,399
pagehelper/Mybatis-PageHelper,12281,2014-06-09T15:32:30Z,2024-09-30T09:24:35Z,5303
alibaba/COLA,12280,2018-02-06T13:46:27Z,2024-11-26T06:26:09Z,3805
macrozheng/mall-swarm,12187,2019-11-25T06:55:31Z,2025-01-26T01:53:12Z,54597
redis/jedis,11990,2010-06-11T13:04:43Z,2025-03-10T11:26:55Z,14373
Yalantis/uCrop,11958,2016-01-05T13:41:06Z,2024-11-29T13:41:18Z,62547
metersphere/metersphere,11896,2020-02-03T02:06:12Z,2025-03-14T10:49:19Z,420750
Tencent/VasSonic,11848,2017-08-01T08:35:13Z,2023-04-07T11:37:52Z,16215
Tencent/matrix,11761,2018-12-11T07:08:02Z,2024-07-23T10:46:08Z,199709
amitshekhariitbhu/android-interview-questions,11717,2017-07-09T18:47:24Z,2025-03-13T10:58:45Z,1675
grpc/grpc-java,11642,2014-12-08T19:00:00Z,2025-03-12T08:39:49Z,105292
frank-lam/fullstack-tutorial,11626,2018-04-13T01:50:10Z,2022-12-02T03:33:19Z,65725
code4craft/webmagic,11517,2013-04-23T12:57:36Z,2025-02-13T14:51:18Z,17420
realm/realm-java,11485,2012-04-20T09:18:42Z,2025-01-10T23:09:27Z,65940
careercup/CtCI-6th-Edition,11402,2015-07-02T06:28:46Z,2024-08-04T15:06:57Z,21487
gyf-dev/ImmersionBar,11374,2017-04-19T05:10:09Z,2022-03-25T02:26:08Z,325009
kekingcn/kkFileView,11266,2017-12-12T11:41:08Z,2025-01-22T03:10:54Z,751077
newbee-ltd/newbee-mall,11265,2019-09-21T03:56:04Z,2023-10-09T05:29:29Z,36232
Team-xManager/xManager,11255,2021-02-08T11:31:10Z,2025-01-08T23:33:19Z,4728
permissions-dispatcher/PermissionsDispatcher,11228,2015-08-15T21:41:05Z,2023-11-10T04:44:43Z,3009
OpenRefine/OpenRefine,11186,2012-10-15T02:22:48Z,2025-03-14T14:25:34Z,405297
debezium/debezium,11182,2016-01-22T20:17:05Z,2025-03-14T17:53:34Z,59674
mission-peace/interview,11137,2014-07-20T21:27:31Z,2024-07-31T18:47:32Z,1200
plantuml/plantuml,11112,2010-11-04T15:55:50Z,2025-03-16T21:33:37Z,326067
H07000223/FlycoTabLayout,11089,2015-11-09T01:53:19Z,2023-05-28T16:32:48Z,2620
jhy/jsoup,11080,2009-12-19T01:29:58Z,2025-03-12T02:02:11Z,5757
lingochamp/FileDownloader,11079,2015-12-22T11:17:16Z,2024-08-04T01:25:26Z,40720
jfeinstein10/SlidingMenu,11061,2012-06-30T05:14:23Z,2021-09-19T14:04:18Z,32085
androidannotations/androidannotations,11044,2012-01-06T08:48:03Z,2022-05-31T13:16:38Z,22510
apereo/cas,11040,2011-09-09T01:36:42Z,2025-03-16T02:55:31Z,270901
daniulive/SmarterStreaming,11017,2016-03-26T14:46:02Z,2025-03-11T15:29:35Z,6823287
trinodb/trino,10994,2019-01-19T06:38:14Z,2025-03-17T00:51:13Z,280703
square/javapoet,10853,2013-02-01T16:56:30Z,2024-10-10T21:04:58Z,1954
alibaba/vlayout,10790,2017-02-27T08:11:47Z,2021-07-14T04:40:34Z,1726
aosp-mirror/platform_frameworks_base,10706,2008-10-21T18:20:37Z,2025-03-16T08:18:35Z,7490602
doocs/jvm,10652,2018-06-23T01:12:59Z,2025-03-06T06:27:09Z,65915
android-async-http/android-async-http,10632,2011-02-20T03:25:07Z,2023-04-17T14:55:24Z,3063
PaperMC/Paper,10630,2016-01-22T05:40:19Z,2025-03-16T23:37:02Z,122126
TooTallNate/Java-WebSocket,10619,2010-01-20T23:33:04Z,2025-02-17T08:49:17Z,4228
jeasonlzy/okhttp-OkGo,10610,2016-01-15T10:35:24Z,2022-09-06T01:29:03Z,84860
clojure/clojure,10571,2010-06-29T20:03:33Z,2025-02-25T21:05:01Z,18176
apple/pkl,10539,2024-01-19T17:28:45Z,2025-03-12T17:24:38Z,5937
jwtk/jjwt,10538,2014-09-13T01:06:24Z,2025-03-13T23:19:23Z,3130
google/auto,10489,2013-05-22T21:41:56Z,2025-03-14T14:21:26Z,43997
lipangit/JiaoZiVideoPlayer,10486,2016-02-06T11:04:24Z,2020-09-14T19:02:20Z,143896
tbruyelle/RxPermissions,10482,2015-09-29T13:55:09Z,2022-05-11T09:47:47Z,587
provectus/kafka-ui,10446,2019-11-26T15:55:55Z,2024-07-26T08:00:52Z,30382
asLody/VirtualApp,10445,2016-07-06T13:25:23Z,2025-02-26T07:05:35Z,35283
datahub-project/datahub,10414,2015-11-18T05:47:40Z,2025-03-16T00:08:32Z,405260
opensearch-project/OpenSearch,10360,2021-01-29T22:10:00Z,2025-03-16T17:37:11Z,576027
JessYanCoding/MVPArms,10281,2016-08-06T08:49:56Z,2023-03-22T06:53:43Z,5963
Activiti/Activiti,10267,2012-09-13T11:34:43Z,2025-03-15T07:16:14Z,125101
JakeWharton/ViewPagerIndicator,10121,2011-08-04T17:13:44Z,2017-11-26T17:13:46Z,8657
resilience4j/resilience4j,10035,2015-06-03T09:21:01Z,2025-02-24T08:08:48Z,8413
LawnchairLauncher/lawnchair,9968,2017-03-03T13:12:58Z,2025-03-16T00:36:51Z,644842
beemdevelopment/Aegis,9943,2016-08-15T19:10:31Z,2025-02-25T17:22:19Z,21761
zfile-dev/zfile,9925,2019-08-19T13:57:56Z,2024-10-26T02:17:40Z,46394
wasabeef/glide-transformations,9917,2015-01-09T10:33:29Z,2022-03-08T16:07:21Z,26509
googlesamples/easypermissions,9893,2015-12-22T18:05:53Z,2023-08-01T18:11:12Z,635
awsdocs/aws-doc-sdk-examples,9880,2016-08-18T19:06:57Z,2025-03-14T16:17:01Z,250718
paascloud/paascloud-master,9870,2018-03-17T05:40:43Z,2023-10-09T02:24:04Z,16083
ssssssss-team/spider-flow,9850,2020-03-27T11:07:15Z,2023-06-14T22:27:23Z,3382
uknownothingsnow/JsBridge,9823,2015-02-26T12:10:58Z,2024-05-13T05:14:53Z,649
stanfordnlp/CoreNLP,9816,2013-06-27T21:13:49Z,2025-03-09T00:46:52Z,396315
hackware1993/MagicIndicator,9765,2016-06-26T08:20:43Z,2024-12-07T07:46:58Z,54749
HarlonWang/AVLoadingIndicatorView,9752,2015-10-24T20:18:33Z,2023-04-06T06:05:06Z,14399
YoKeyword/Fragmentation,9726,2016-02-23T08:54:55Z,2024-05-30T13:05:05Z,29343
StarRocks/starrocks,9688,2021-09-04T02:29:35Z,2025-03-15T10:48:37Z,476086
perwendel/spark,9653,2011-05-05T11:52:05Z,2023-10-08T09:20:37Z,2503
ksoichiro/Android-ObservableScrollView,9650,2014-11-08T14:45:20Z,2021-06-01T03:54:51Z,13780
react-native-camera/react-native-camera,9648,2015-04-01T00:54:40Z,2023-06-07T10:03:10Z,17586
lihengming/spring-boot-api-project-seed,9624,2017-06-23T10:06:30Z,2023-12-17T23:35:07Z,77
OpenFeign/feign,9611,2013-06-26T23:28:16Z,2025-03-14T05:38:43Z,9646
liaohuqiu/android-Ultra-Pull-To-Refresh,9581,2014-11-13T03:13:10Z,2023-05-28T15:12:24Z,3474
koral--/android-gif-drawable,9577,2013-01-30T01:37:46Z,2024-07-31T08:56:47Z,6060
bilibili/DanmakuFlameMaster,9569,2013-08-11T12:18:50Z,2020-02-27T08:51:28Z,3580
microg/GmsCore,9549,2014-04-23T19:28:47Z,2025-03-14T08:54:49Z,12416
MyCATApache/Mycat-Server,9541,2014-12-04T02:46:54Z,2024-01-15T06:17:13Z,19570
umano/AndroidSlidingUpPanel,9509,2013-05-31T18:33:53Z,2022-07-21T00:21:03Z,2861
signalapp/Signal-Server,9426,2013-12-09T07:10:36Z,2025-03-13T19:03:59Z,17895
SonarSource/sonarqube,9397,2011-01-05T11:05:17Z,2025-03-13T20:03:31Z,958658
pockethub/PocketHub,9386,2011-09-08T16:52:50Z,2023-06-06T08:03:11Z,11945
crossoverJie/cim,9375,2018-05-20T15:55:56Z,2024-11-20T09:47:50Z,34954
Justson/AgentWeb,9305,2017-05-12T07:45:56Z,2023-12-09T10:30:43Z,29032
xuchengsheng/spring-reading,9275,2023-09-15T06:42:44Z,2024-07-29T06:13:59Z,2808
android/testing-samples,9242,2014-10-11T03:51:27Z,2024-12-09T09:29:09Z,12132
GcsSloop/AndroidNote,9229,2016-01-04T23:51:36Z,2024-03-18T08:17:39Z,7036
huanghaibin-dev/CalendarView,9218,2017-03-11T07:16:09Z,2025-02-07T10:11:31Z,156814
apache/cassandra,9082,2009-05-21T02:10:09Z,2025-03-15T09:51:24Z,447035
cats-oss/android-gpuimage,9067,2012-10-04T08:11:58Z,2022-08-03T16:07:30Z,1368
json-path/JsonPath,9062,2011-01-24T13:19:19Z,2024-07-30T13:29:30Z,2694
spring-projects/spring-security,9019,2012-01-10T21:50:57Z,2025-03-14T03:47:41Z,80873
didi/VirtualAPK,9016,2017-06-29T07:25:05Z,2023-07-13T22:06:36Z,1010
navasmdc/MaterialDesignLibrary,8985,2014-09-30T07:37:17Z,2023-05-28T17:32:11Z,8930
seven332/EhViewer,8963,2014-05-14T12:03:52Z,2019-08-09T04:50:17Z,111228
KunMinX/Jetpack-MVVM-Best-Practice,8906,2019-10-31T05:21:01Z,2024-02-07T21:55:33Z,10737
ashishps1/awesome-leetcode-resources,8846,2023-10-25T01:48:19Z,2025-02-28T21:09:27Z,246
nathanmarz/storm,8821,2011-09-17T07:55:13Z,2017-08-16T04:24:20Z,27015
laobie/StatusBarUtil,8807,2016-02-15T03:06:06Z,2022-06-24T09:55:37Z,9364
Freelander/Android_Data,8772,2015-04-04T01:37:44Z,2024-01-15T03:03:28Z,153
Blankj/awesome-java-leetcode,8706,2017-04-17T15:51:41Z,2020-12-10T15:20:21Z,512
chrisbanes/Android-PullToRefresh,8700,2011-11-29T09:59:56Z,2017-10-13T08:40:58Z,4286
xpipe-io/xpipe,8688,2023-01-27T02:25:38Z,2025-03-16T16:17:50Z,32293
ybq/Android-SpinKit,8650,2016-03-20T08:40:51Z,2023-05-28T14:27:04Z,10241
java-native-access/jna,8648,2011-04-29T13:30:29Z,2025-03-16T11:48:45Z,702645
apache/jmeter,8632,2010-05-26T23:38:07Z,2025-03-04T14:59:20Z,133335
flyway/flyway,8599,2012-12-14T18:43:22Z,2025-03-12T12:38:37Z,1190320
chrisjenx/Calligraphy,8583,2013-12-20T02:35:45Z,2024-04-21T20:12:01Z,1523
shwenzhang/AndResGuard,8581,2015-10-11T11:48:06Z,2023-10-20T04:14:07Z,8343
facebook/buck,8559,2013-04-17T18:12:18Z,2023-10-25T02:45:11Z,2024585
apache/shenyu,8550,2018-07-11T08:17:45Z,2025-03-15T14:17:17Z,62614
airbnb/epoxy,8537,2016-08-08T23:05:11Z,2024-06-07T16:52:53Z,34091
junit-team/junit4,8529,2009-01-13T03:41:26Z,2024-08-20T10:24:03Z,24340
dropwizard/dropwizard,8524,2011-01-19T19:52:29Z,2025-03-10T09:22:10Z,112645
react-native-image-picker/react-native-image-picker,8524,2015-06-08T20:25:31Z,2025-02-27T09:13:43Z,3238
checkstyle/checkstyle,8515,2013-08-31T02:05:05Z,2025-03-17T00:08:58Z,187739
karatelabs/karate,8484,2017-02-07T15:59:17Z,2025-03-13T13:03:58Z,26439
amitshekhariitbhu/Android-Debug-Database,8462,2016-11-16T14:20:24Z,2024-08-18T19:20:11Z,1697
roughike/BottomBar,8407,2016-03-16T01:31:05Z,2021-09-16T11:19:06Z,40819
hs-web/hsweb-framework,8364,2016-01-18T03:51:39Z,2025-03-14T02:18:45Z,33924
google/tsunami-security-scanner,8354,2020-06-03T16:20:00Z,2025-03-11T17:46:10Z,886
apache/seatunnel,8345,2017-08-05T09:14:47Z,2025-03-15T11:45:48Z,42559
flowable/flowable-engine,8291,2016-10-13T07:21:43Z,2025-03-13T15:58:14Z,232111
DImuthuUpe/AndroidPdfViewer,8260,2016-06-02T20:21:21Z,2024-05-29T16:07:58Z,2724
apache/shardingsphere-elasticjob,8175,2015-09-11T11:28:52Z,2025-01-10T07:56:34Z,46052
testcontainers/testcontainers-java,8160,2015-04-12T12:44:59Z,2025-03-13T04:36:53Z,13539
alibaba/atlas,8140,2017-02-28T06:31:43Z,2022-01-27T14:31:30Z,84497
florent37/MaterialViewPager,8119,2015-04-24T17:53:15Z,2018-10-12T01:11:20Z,19557
guolindev/LitePal,8109,2013-02-20T03:20:07Z,2022-08-19T08:29:56Z,5433
wildfirechat/im-server,8093,2019-01-23T15:21:28Z,2025-03-05T11:28:01Z,21885
alibaba/otter,8090,2013-08-09T09:31:22Z,2024-05-25T10:39:10Z,12042
apache/beam,8040,2016-02-02T08:00:06Z,2025-03-17T00:53:26Z,785201
frohoff/ysoserial,8029,2015-01-28T07:13:55Z,2024-03-31T02:47:00Z,463
Netflix/SimianArmy,7982,2012-07-06T22:00:05Z,2018-12-18T09:29:22Z,15326
davemorrissey/subsampling-scale-image-view,7938,2013-08-26T16:45:25Z,2024-04-22T02:45:16Z,57935
JakeWharton/hugo,7922,2013-11-25T09:16:40Z,2022-01-05T11:19:51Z,201
pentaho/pentaho-kettle,7919,2013-10-08T18:27:11Z,2025-03-16T06:07:59Z,692374
alibaba/transmittable-thread-local,7874,2013-10-13T08:48:33Z,2025-03-05T01:09:22Z,3643
aritraroy/UltimateAndroidReference,7865,2017-04-10T07:28:27Z,2024-07-18T10:43:57Z,543
junixapp/XPopup,7857,2018-12-07T06:16:48Z,2025-02-01T03:21:47Z,152978
HannahMitt/HomeMirror,7852,2015-08-23T03:20:08Z,2023-05-28T16:33:49Z,6207
dropwizard/metrics,7841,2010-02-26T19:44:42Z,2025-03-10T05:38:07Z,20711
ChrisRM/material-theme-jetbrains,7805,2015-09-23T07:15:04Z,2022-01-26T21:43:17Z,148338
LSPosed/LSPatch,7785,2021-03-01T19:38:36Z,2023-12-13T04:54:49Z,10312
apache/tomcat,7747,2011-10-01T07:00:19Z,2025-03-16T22:23:32Z,173262
bytedeco/javacv,7717,2014-04-21T13:50:26Z,2025-02-19T06:57:44Z,7883
trello-archive/RxLifecycle,7703,2015-07-20T13:32:23Z,2023-03-23T15:41:20Z,897
software-mansion/react-native-svg,7660,2016-01-17T14:29:21Z,2025-03-11T21:40:34Z,88560
vipshop/vjtools,7650,2018-05-29T09:07:08Z,2023-09-06T13:34:00Z,2108
goldze/MVVMHabit,7644,2017-07-21T10:38:40Z,2022-08-11T09:18:55Z,1298
aeron-io/aeron,7628,2014-02-07T17:16:58Z,2025-03-14T09:58:59Z,70550
Graylog2/graylog2-server,7592,2010-05-17T21:27:02Z,2025-03-17T00:19:19Z,190318
gedoor/MyBookshelf,7589,2018-06-12T03:48:07Z,2022-04-01T02:57:15Z,27255
cabaletta/baritone,7583,2018-08-01T15:34:21Z,2025-03-14T18:49:00Z,16261
google/android-classyshark,7562,2015-10-12T13:40:48Z,2023-05-19T10:01:03Z,24865
Tencent/Shadow,7548,2019-06-13T10:50:27Z,2024-12-25T12:49:34Z,3641
kaushikgopal/RxJava-Android-Samples,7538,2014-07-23T05:13:52Z,2023-08-08T02:18:57Z,1188
koush/AndroidAsync,7536,2012-08-24T07:27:04Z,2022-11-23T15:20:07Z,3720
google/closure-compiler,7484,2014-04-16T15:30:36Z,2025-03-14T17:59:14Z,183978
PojavLauncherTeam/PojavLauncher,7480,2020-03-11T03:22:54Z,2025-03-15T13:28:04Z,910748
kevin-wayne/algs4,7468,2015-08-31T09:28:49Z,2025-01-06T14:41:55Z,2013
lecho/hellocharts-android,7443,2014-10-12T09:12:37Z,2021-06-01T03:12:09Z,6126
twowaits/SDE-Interview-Questions,7439,2017-10-25T11:08:52Z,2022-08-26T02:19:52Z,1461
swagger-api/swagger-core,7417,2011-07-05T23:44:11Z,2025-03-10T14:04:14Z,21973
yuanguangxin/LeetCode,7417,2020-01-11T01:02:02Z,2024-08-17T07:55:56Z,272
PowerJob/PowerJob,7380,2020-03-16T09:19:55Z,2025-01-21T16:15:14Z,19516
dyc87112/SpringCloud-Learning,7372,2016-08-21T03:39:52Z,2023-02-22T07:00:15Z,1265
lenve/VBlog,7367,2017-12-26T11:01:55Z,2023-05-28T15:31:22Z,3841
abel533/Mapper,7365,2014-11-21T11:02:10Z,2024-11-04T04:46:56Z,2274
HMCL-dev/HMCL,7354,2015-06-22T08:06:03Z,2025-03-15T06:10:50Z,29639
leolin310148/ShortcutBadger,7351,2013-11-15T12:51:52Z,2023-09-14T17:38:02Z,1231
Qihoo360/RePlugin,7306,2017-06-08T09:39:09Z,2024-09-04T03:21:37Z,25364
square/dagger,7305,2012-08-02T23:25:32Z,2021-08-26T11:07:52Z,6861
Bearded-Hen/Android-Bootstrap,7277,2013-11-01T15:36:17Z,2021-09-02T06:14:15Z,11507
mapstruct/mapstruct,7271,2012-05-28T12:42:42Z,2025-02-09T21:40:20Z,10944
pedant/sweet-alert-dialog,7257,2014-10-19T09:24:09Z,2021-08-31T11:15:13Z,1694
crazycodeboy/TakePhoto,7242,2015-08-04T02:05:32Z,2019-08-26T09:42:27Z,11513
cymcsg/UltimateRecyclerView,7211,2015-01-28T02:27:45Z,2020-07-21T09:50:37Z,7153
geeeeeeeeek/WeChatLuckyMoney,7208,2015-09-30T16:11:20Z,2019-01-25T02:02:51Z,660
Exrick/xmall,7198,2017-07-28T01:49:49Z,2022-12-16T08:55:14Z,110866
gocd/gocd,7197,2013-12-13T05:26:16Z,2025-03-16T11:27:02Z,404621
google/agera,7181,2015-12-17T13:22:58Z,2022-01-13T14:58:57Z,968
ogaclejapan/SmartTabLayout,7092,2015-02-14T11:25:51Z,2020-06-03T06:02:33Z,14671
MinecraftForge/MinecraftForge,7085,2012-01-30T01:35:01Z,2025-03-17T00:04:24Z,121999
JakeWharton/ActionBarSherlock,7085,2011-03-07T17:28:54Z,2015-12-17T17:54:50Z,21244
krahets/LeetCode-Book,7056,2021-12-17T14:16:02Z,2024-05-11T07:33:48Z,858
didi/KnowStreaming,7050,2020-03-19T05:13:51Z,2024-10-12T12:26:14Z,200022
NanoHttpd/nanohttpd,7045,2012-08-10T21:52:42Z,2023-07-25T06:59:07Z,1375
naman14/Timber,7031,2015-06-12T16:43:55Z,2023-04-28T07:13:46Z,17485
apache/iceberg,7028,2018-11-19T16:26:46Z,2025-03-16T06:34:42Z,86308
NLPchina/elasticsearch-sql,7008,2014-08-24T14:26:31Z,2025-02-04T12:04:45Z,8993
Alluxio/alluxio,6953,2012-12-21T17:43:46Z,2025-02-18T19:15:58Z,205627
google/error-prone,6942,2014-08-21T23:26:50Z,2025-03-15T00:40:40Z,145857
rest-assured/rest-assured,6926,2010-10-21T08:35:43Z,2025-02-14T13:45:30Z,11312
DroidPluginTeam/DroidPlugin,6918,2015-08-27T11:14:57Z,2024-06-06T02:32:38Z,1859
mrniko/netty-socketio,6911,2012-01-12T11:43:49Z,2025-02-11T12:14:39Z,2224
hongyangAndroid/okhttputils,6870,2015-08-17T14:53:29Z,2022-10-12T06:21:59Z,17152
alibaba/jvm-sandbox,6857,2017-08-03T02:55:31Z,2024-10-03T17:09:13Z,1874
h2pl/JavaTutorial,6850,2018-05-01T15:57:21Z,2023-08-26T12:40:21Z,4882
jeecgboot/jimureport,6847,2019-12-05T12:25:59Z,2025-03-12T12:21:52Z,104673
Meituan-Dianping/walle,6812,2017-01-10T03:39:25Z,2024-05-30T09:26:19Z,528
gunnarmorling/1brc,6802,2023-12-28T09:13:24Z,2024-08-20T15:15:15Z,2744
dependency-check/DependencyCheck,6790,2012-09-03T20:43:30Z,2025-03-16T11:43:33Z,290603
AntennaPod/AntennaPod,6778,2012-07-31T10:25:08Z,2025-03-16T14:12:58Z,112417
zo0r/react-native-push-notification,6778,2015-12-14T19:53:36Z,2024-01-30T05:26:00Z,1688
Angel-ML/angel,6750,2017-04-25T05:57:43Z,2024-01-16T08:06:37Z,93424
rabbitmq/rabbitmq-tutorials,6727,2010-09-21T11:41:26Z,2025-03-14T19:36:53Z,5408
zouzg/mybatis-generator-gui,6700,2016-05-08T22:39:39Z,2024-07-09T08:13:22Z,14934
markzhai/AndroidPerformanceMonitor,6690,2016-01-17T05:23:22Z,2023-07-15T06:37:52Z,1077
hongyangAndroid/AndroidAutoLayout,6676,2015-11-19T02:09:11Z,2018-11-26T13:24:38Z,7466
guardianproject/haven,6669,2017-03-01T03:20:03Z,2022-10-26T22:43:24Z,24387
Genymobile/gnirehtet,6653,2017-02-09T16:01:13Z,2024-08-11T05:17:19Z,1036
smuyyh/BookReader,6644,2016-08-03T05:17:27Z,2023-04-24T05:36:16Z,31940
macrozheng/springcloud-learning,6642,2019-09-07T02:36:16Z,2024-08-08T06:08:57Z,261
yanzhenjie/AndPermission,6632,2016-09-11T05:17:34Z,2024-01-04T06:43:43Z,1665
wiremock/wiremock,6630,2011-10-09T20:27:24Z,2025-03-10T22:20:28Z,47151
527515025/springBoot,6623,2016-11-07T02:13:31Z,2024-01-27T09:59:46Z,868
apache/storm,6613,2013-11-05T08:00:14Z,2025-03-10T07:09:56Z,155581
gzu-liyujiang/AndroidPicker,6594,2015-10-21T14:21:16Z,2024-12-01T05:11:23Z,28194
GrenderG/Toasty,6587,2017-01-18T18:52:41Z,2022-09-28T23:46:04Z,977
getActivity/AndroidProject,6584,2018-10-23T10:30:55Z,2022-09-10T10:55:13Z,89374
fuzhengwei/itstack-demo-design,6564,2020-05-20T13:45:30Z,2024-05-10T10:05:58Z,1827
junit-team/junit5,6549,2015-01-11T19:06:10Z,2025-03-16T18:22:09Z,696803
Meituan-Dianping/Leaf,6545,2018-12-11T07:41:35Z,2023-07-18T10:13:29Z,149
NLPchina/ansj_seg,6518,2012-09-05T05:56:24Z,2023-11-19T06:15:23Z,352518
processing/processing,6503,2013-01-24T21:17:22Z,2024-12-18T10:51:07Z,1648015
ZCShou/GoGoGo,6481,2021-12-03T06:59:39Z,2025-03-11T23:57:48Z,413545
apache/zeppelin,6468,2015-03-25T07:00:06Z,2025-03-14T10:15:53Z,107064
ximsfei/Android-skin-support,6461,2017-01-12T15:03:54Z,2020-09-03T06:06:18Z,54130
quartz-scheduler/quartz,6436,2016-03-07T14:05:37Z,2025-03-05T02:06:15Z,26580
vinc3m1/RoundedImageView,6433,2013-02-22T01:17:37Z,2023-01-27T18:56:33Z,8746
raphw/byte-buddy,6429,2013-11-25T19:38:03Z,2025-03-12T09:52:11Z,1006007
ArthurHub/Android-Image-Cropper,6423,2015-01-15T10:49:37Z,2023-09-17T15:20:18Z,26047
JesusFreke/smali,6411,2012-09-23T19:51:16Z,2024-01-17T22:59:22Z,9535
langchain4j/langchain4j,6409,2023-06-20T15:30:29Z,2025-03-14T14:46:51Z,12557
wxiaoqi/Spring-Cloud-Platform,6401,2017-05-25T10:35:26Z,2024-08-29T13:07:53Z,212466
zendesk/android-floating-action-button,6380,2014-09-19T06:49:21Z,2023-01-02T13:49:03Z,606
CoderLeixiaoshuai/java-eight-part,6370,2020-10-16T16:27:04Z,2023-11-28T07:14:21Z,308
jOOQ/jOOQ,6326,2011-04-17T10:43:33Z,2025-03-14T14:54:07Z,277015
AsyncHttpClient/async-http-client,6322,2011-03-07T13:41:46Z,2025-03-14T17:52:19Z,19128
sshahine/JFoenix,6312,2015-09-08T14:04:24Z,2023-06-28T17:20:35Z,28243
aa112901/remusic,6294,2016-03-24T06:20:39Z,2018-07-20T03:52:21Z,115952
wasabeef/richeditor-android,6287,2015-03-30T16:19:20Z,2024-05-21T09:52:28Z,2898
koush/ion,6282,2013-05-22T07:41:23Z,2024-02-01T19:55:49Z,11832
joelittlejohn/jsonschema2pojo,6279,2013-06-22T22:28:53Z,2024-12-19T23:29:11Z,12121
Col-E/Recaf,6276,2017-07-27T06:01:10Z,2025-03-15T03:26:22Z,59060
hazelcast/hazelcast,6267,2012-03-21T12:25:18Z,2025-03-14T12:29:06Z,414344
amitshekhariitbhu/from-java-to-kotlin,6252,2017-05-21T11:56:27Z,2024-09-09T04:05:20Z,258
lightbend/config,6220,2011-12-06T08:02:29Z,2024-08-19T20:31:15Z,4635
ityouknow/spring-cloud-examples,6218,2017-04-28T08:48:53Z,2023-07-18T20:52:20Z,76
micronaut-projects/micronaut-core,6187,2018-03-07T12:05:08Z,2025-03-15T05:10:19Z,107038
pig-mesh/pig,6181,2019-08-26T03:24:53Z,2025-03-14T01:01:59Z,38979
graphql-java/graphql-java,6160,2015-07-06T06:52:20Z,2025-03-16T08:55:38Z,16351
exadel-inc/CompreFace,6147,2020-07-06T08:29:43Z,2024-10-05T10:45:30Z,566295
haifengl/smile,6138,2014-11-20T16:28:12Z,2025-03-12T15:41:24Z,256704
ikew0ng/SwipeBackLayout,6122,2013-08-25T03:36:12Z,2019-09-18T06:44:18Z,2934
google/grafika,6114,2013-12-19T18:36:53Z,2024-02-09T00:34:48Z,1092
hibernate/hibernate-orm,6108,2010-10-04T16:15:52Z,2025-03-16T00:15:05Z,287902
rengwuxian/MaterialEditText,6103,2014-10-30T10:07:23Z,2019-08-27T08:05:32Z,1260
daimajia/NumberProgressBar,6090,2014-05-01T08:54:25Z,2020-09-27T09:09:15Z,158
apache/hertzbeat,6060,2022-02-04T14:48:56Z,2025-03-16T13:59:26Z,371768
gephi/gephi,6050,2011-10-22T03:14:46Z,2025-03-05T20:09:06Z,654674
vespa-engine/vespa,6046,2016-06-03T20:54:20Z,2025-03-15T22:27:41Z,456587
pedrovgs/EffectiveAndroidUI,6024,2014-07-04T08:42:20Z,2023-09-06T06:28:37Z,994
singwhatiwanna/dynamic-load-apk,6021,2014-03-30T11:51:00Z,2024-07-16T17:56:54Z,8956
getActivity/XXPermissions,6012,2018-06-15T14:31:29Z,2024-07-17T07:23:52Z,84987
google/j2objc,6008,2014-01-30T20:19:56Z,2025-03-13T18:04:15Z,104486
rey5137/material,5999,2014-12-09T12:07:32Z,2023-05-28T15:35:01Z,3901
apache/flink-cdc,5993,2020-07-27T19:23:33Z,2025-03-14T01:54:28Z,41325
auth0/java-jwt,5988,2014-03-07T15:06:11Z,2025-01-29T14:39:18Z,1516
google/physical-web,5987,2014-09-30T18:32:14Z,2018-12-05T21:09:11Z,33447
wyouflf/xUtils3,5984,2015-10-28T10:56:04Z,2022-03-19T03:24:30Z,9041
apache/incubator-kie-drools,5972,2011-02-18T08:37:05Z,2025-03-16T03:44:40Z,297117
Vedenin/useful-java-links,5959,2016-02-13T13:14:52Z,2024-11-16T08:06:19Z,2411
liyifeng1994/ssm,5948,2016-06-18T17:58:56Z,2022-12-16T05:53:22Z,12364
robolectric/robolectric,5941,2010-08-28T00:28:25Z,2025-03-13T08:22:59Z,62418
springfox/springfox,5937,2012-05-06T06:38:57Z,2024-03-18T18:36:28Z,186279
antoniolg/androidmvp,5926,2014-04-02T05:42:20Z,2023-06-25T07:36:42Z,327
prolificinteractive/material-calendarview,5921,2015-02-09T22:31:56Z,2023-05-28T16:37:44Z,4823
alipay/SoloPi,5901,2019-03-14T15:32:49Z,2024-07-11T07:19:06Z,272397
DerekYRC/mini-spring,5888,2020-11-17T11:59:18Z,2024-08-15T03:46:31Z,1085
weibocom/motan,5887,2016-04-20T10:56:17Z,2025-03-05T06:04:40Z,4555
LandGrey/SpringBootVulExploit,5880,2020-05-20T09:18:44Z,2021-03-10T13:03:25Z,135
vavr-io/vavr,5870,2014-01-30T14:07:25Z,2025-03-12T20:40:12Z,23296
btraceio/btrace,5869,2014-08-28T18:58:24Z,2025-03-14T18:41:02Z,17603
lets-blade/blade,5862,2015-06-10T03:35:49Z,2025-02-11T05:23:47Z,3382
journeyapps/zxing-android-embedded,5821,2012-11-28T16:36:39Z,2024-08-04T04:24:21Z,8388
jetlinks/jetlinks-community,5818,2020-01-02T07:27:34Z,2025-03-13T02:25:36Z,69034
Nightonke/BoomMenu,5802,2016-03-19T12:04:12Z,2023-03-12T07:41:43Z,103934
yarolegovich/DiscreteScrollView,5787,2017-03-03T23:38:54Z,2024-08-19T09:48:41Z,33353
JakeWharton/DiskLruCache,5786,2012-01-05T00:36:34Z,2020-03-02T13:54:37Z,416
changmingxie/tcc-transaction,5785,2015-12-05T04:27:53Z,2025-01-24T07:50:02Z,7095
dmytrodanylyk/circular-progress-button,5769,2014-06-07T12:58:48Z,2025-03-05T02:15:12Z,958
apache/camel,5766,2009-05-21T00:25:36Z,2025-03-16T15:14:49Z,1033260
amitshekhariitbhu/Fast-Android-Networking,5760,2016-03-21T18:35:44Z,2024-08-18T19:20:34Z,2856
obsidiandynamics/kafdrop,5754,2019-05-27T08:46:56Z,2025-03-07T06:38:46Z,2900
Devlight/InfiniteCycleViewPager,5737,2016-08-22T08:04:39Z,2022-08-09T20:20:47Z,279
google/google-java-format,5728,2015-05-11T20:38:28Z,2025-02-27T10:04:05Z,2092
ffay/lanproxy,5721,2016-11-20T08:12:10Z,2024-04-14T03:18:19Z,9573
k0shk0sh/FastHub,5717,2017-02-18T17:53:16Z,2022-09-12T13:15:21Z,19973
WeiYe-Jing/datax-web,5716,2019-11-19T01:09:05Z,2024-06-02T10:35:32Z,43670
648540858/wvp-GB28181-pro,5712,2020-11-14T14:16:37Z,2025-03-14T08:55:13Z,51939
jpush/aurora-imui,5712,2016-12-13T05:24:01Z,2022-12-30T04:04:35Z,11470
javaparser/javaparser,5711,2011-10-30T14:03:44Z,2025-03-14T14:56:36Z,45484
apache/iotdb,5711,2018-11-24T21:29:17Z,2025-03-16T16:16:42Z,311640
springside/springside4,5699,2012-02-23T08:39:03Z,2022-10-25T03:19:06Z,4837
Nepxion/Discovery,5698,2018-06-21T16:16:49Z,2024-10-15T11:10:53Z,237213
traccar/traccar,5695,2012-04-16T08:33:49Z,2025-03-16T23:43:41Z,23722
opengoofy/hippo4j,5695,2021-06-16T02:59:48Z,2025-02-23T15:03:40Z,23733
apache/hudi,5691,2016-12-14T15:53:41Z,2025-03-16T00:55:49Z,1763841
yanzhenjie/SwipeRecyclerView,5679,2016-08-03T15:43:34Z,2024-07-30T05:28:04Z,29347
JakeWharton/u2020,5672,2013-11-14T11:58:23Z,2023-05-28T12:22:30Z,9385
nayuki/QR-Code-generator,5672,2016-04-15T02:19:41Z,2025-01-23T07:33:13Z,1389
apache/pinot,5668,2014-05-19T23:27:48Z,2025-03-15T16:22:52Z,324595
graphhopper/graphhopper,5667,2012-02-18T19:57:38Z,2025-03-12T18:40:32Z,137785
apache/hive,5654,2009-05-21T02:31:01Z,2025-03-16T00:29:51Z,733647
ZhongFuCheng3y/austin,5648,2021-11-06T09:36:01Z,2024-12-17T07:43:25Z,20073
youtube/api-samples,5643,2013-12-09T18:41:41Z,2024-06-09T20:38:03Z,816
crazycodeboy/react-native-splash-screen,5639,2016-09-14T10:43:55Z,2024-07-30T16:31:56Z,3912
Javen205/IJPay,5637,2017-05-02T03:15:32Z,2025-02-17T13:59:20Z,25407
hanks-zyh/HTextView,5636,2015-12-19T16:34:59Z,2021-05-07T03:48:05Z,9880
wasabeef/Blurry,5630,2015-07-23T14:12:08Z,2023-04-27T15:54:45Z,2286
daimajia/AndroidImageSlider,5625,2014-06-02T06:04:17Z,2020-10-01T16:41:17Z,2165
FongMi/TV,5618,2022-06-22T09:10:23Z,2025-03-16T16:43:30Z,338409
JSQLParser/JSqlParser,5601,2011-06-23T22:51:52Z,2025-03-12T02:08:17Z,13092
hongyangAndroid/FlowLayout,5596,2015-08-28T09:32:31Z,2019-10-13T14:59:04Z,910
amlcurran/ShowcaseView,5591,2012-08-14T19:07:36Z,2018-02-01T16:31:39Z,15237
dromara/lamp-cloud,5580,2018-01-17T02:51:04Z,2025-03-12T06:45:13Z,47141
TommyLemon/Android-ZBLibrary,5558,2015-08-20T16:03:53Z,2024-11-30T14:16:39Z,32789
knightliao/disconf,5553,2014-05-30T09:39:27Z,2023-07-18T10:35:44Z,8619
nhaarman/ListViewAnimations,5550,2013-03-19T11:59:23Z,2016-11-03T13:04:11Z,25513
jagrosh/MusicBot,5549,2016-08-14T18:46:29Z,2024-11-16T15:22:38Z,7798
MuntashirAkon/AppManager,5544,2020-05-30T04:08:56Z,2025-03-15T08:59:15Z,77912
redis/lettuce,5529,2014-05-10T13:08:46Z,2025-03-16T01:58:43Z,24097
ElderDrivers/EdXposed,5521,2019-01-18T16:18:19Z,2022-04-12T13:23:50Z,12036
ZHENFENG13/spring-boot-projects,5518,2017-04-01T01:50:14Z,2023-02-27T15:34:14Z,14626
baidu/uid-generator,5506,2017-03-27T04:03:43Z,2023-05-31T08:04:59Z,390
emilsjolander/StickyListHeaders,5501,2012-03-11T18:29:18Z,2021-05-21T09:48:05Z,3866
TeamAmaze/AmazeFileManager,5493,2014-07-14T19:47:53Z,2025-03-15T23:54:51Z,62283
sockeqwe/mosby,5481,2015-03-25T00:59:19Z,2022-03-09T15:17:41Z,26564
logisim-evolution/logisim-evolution,5481,2014-09-19T05:23:24Z,2025-03-04T05:31:17Z,116706
alibaba/freeline,5472,2016-08-03T17:22:52Z,2020-05-10T15:57:31Z,75385
wuhaoyu1990/MagicCamera,5470,2016-01-08T11:36:56Z,2020-10-22T09:22:50Z,17476
danikula/AndroidVideoCache,5455,2015-04-01T11:25:52Z,2023-03-14T18:23:44Z,116062
dm77/barcodescanner,5454,2014-02-24T21:14:09Z,2020-07-01T15:06:59Z,10971
scribejava/scribejava,5452,2010-09-05T19:11:40Z,2025-02-01T12:49:11Z,2624
JanusGraph/janusgraph,5442,2016-12-26T13:26:29Z,2025-03-14T12:03:43Z,60815
facebookarchive/rebound,5422,2013-10-11T01:12:37Z,2019-03-27T22:30:26Z,23623
KeepSafe/TapTargetView,5421,2016-09-11T09:07:36Z,2024-10-08T20:23:47Z,4429
motianhuo/wechat,5411,2015-05-25T02:33:37Z,2018-08-23T07:54:02Z,96503
apache/dubbo-spring-boot-project,5410,2018-01-18T12:10:50Z,2023-01-25T00:11:57Z,1557
meefik/linuxdeploy,5409,2012-08-21T04:49:14Z,2022-06-16T23:14:57Z,53204
jeequan/jeepay,5392,2017-08-12T02:40:32Z,2025-03-14T06:10:18Z,6599
Jasonchenlijian/FastBle,5380,2016-08-23T02:06:33Z,2022-07-27T09:20:44Z,35234
Evernote/android-job,5370,2015-08-20T19:36:54Z,2022-07-13T04:26:11Z,1860
socketio/socket.io-client-java,5367,2013-04-28T17:04:05Z,2025-02-18T21:22:18Z,2401
jgilfelt/SystemBarTint,5360,2013-11-17T12:35:05Z,2015-09-05T09:30:48Z,1099
commonsguy/cw-omnibus,5352,2012-03-12T14:12:06Z,2019-02-09T23:04:17Z,75165
facebookarchive/shimmer-android,5340,2015-02-27T22:25:22Z,2023-03-23T16:44:24Z,4787
XRecyclerView/XRecyclerView,5336,2015-11-18T08:14:22Z,2023-09-11T08:50:57Z,6529
h6ah4i/android-advancedrecyclerview,5325,2015-01-24T16:14:39Z,2023-08-21T04:59:46Z,9111
apache/hbase,5306,2014-05-23T07:00:07Z,2025-03-16T15:52:06Z,497046
mybatis/generator,5298,2013-02-10T11:14:50Z,2025-03-14T20:00:13Z,57500
alibaba/jetcache,5292,2017-04-12T07:48:23Z,2024-12-20T15:34:37Z,3820
evant/gradle-retrolambda,5291,2013-08-05T02:09:58Z,2023-07-24T15:03:12Z,609
spring-projects/spring-data-examples,5278,2014-01-30T15:42:43Z,2025-01-27T13:33:24Z,17723
xxv/android-lifecycle,5274,2014-04-18T14:26:22Z,2021-08-19T00:44:07Z,3027
yixia/VitamioBundle,5271,2012-10-19T08:40:49Z,2017-04-23T19:32:23Z,186316
apache/groovy,5264,2015-04-16T07:00:05Z,2025-03-16T23:38:02Z,217081
google/google-authenticator,5257,2014-10-08T17:54:27Z,2020-09-28T13:57:17Z,2433
zfdang/Android-Touch-Helper,5248,2020-10-16T00:58:41Z,2024-10-12T00:28:42Z,156370
Yalantis/Side-Menu.Android,5244,2015-01-13T11:11:27Z,2020-08-08T20:17:09Z,1048
thinkaurelius/titan,5243,2012-02-25T22:53:53Z,2022-10-19T07:57:00Z,91250
coobird/thumbnailator,5234,2015-07-25T05:38:33Z,2025-03-04T03:12:56Z,11405
lucasr/twoway-view,5230,2013-01-18T20:55:23Z,2017-03-20T14:42:55Z,2554
Karumi/Dexter,5222,2015-11-17T13:14:43Z,2021-07-02T10:55:40Z,2928
Clans/FloatingActionButton,5216,2015-03-21T12:36:16Z,2019-07-11T20:43:07Z,3389
lingochamp/okdownload,5214,2017-12-17T08:21:22Z,2022-11-04T04:02:49Z,8129
razerdp/BasePopup,5212,2016-01-15T03:31:07Z,2024-01-04T06:27:37Z,20627
CeuiLiSA/Pixiv-Shaft,5211,2019-04-01T09:59:09Z,2025-02-17T03:47:50Z,174951
CodingDocs/springboot-guide,5208,2018-11-28T01:05:07Z,2023-05-28T15:09:17Z,5354
201206030/novel,5204,2019-11-11T01:13:52Z,2025-02-20T08:43:07Z,99455
hyperledger-web3j/web3j,5193,2016-09-04T05:48:49Z,2025-03-06T23:15:47Z,11198
huangyanbin/smartTable,5185,2017-11-08T01:11:14Z,2022-03-11T09:08:26Z,63951
ddd-by-examples/library,5171,2019-01-11T09:14:03Z,2023-07-07T21:43:17Z,48023
hustcc/JS-Sorting-Algorithm,5169,2017-01-19T11:36:21Z,2024-03-30T04:35:46Z,3636
apache/nifi,5164,2014-12-12T08:00:05Z,2025-03-15T00:20:02Z,277654
square/otto,5153,2012-06-27T19:06:49Z,2018-12-17T16:07:14Z,703
careercup/ctci,5146,2013-03-21T23:01:01Z,2023-06-26T09:01:08Z,2169
strimzi/strimzi-kafka-operator,5141,2016-05-06T08:52:33Z,2025-03-16T16:18:21Z,80603
Doikki/DKVideoPlayer,5131,2017-04-11T01:33:38Z,2024-06-03T02:41:30Z,90266
android/views-widgets-samples,5108,2019-09-06T21:39:12Z,2024-07-24T00:34:16Z,63749
citerus/dddsample-core,5101,2015-01-31T23:21:37Z,2025-02-20T19:24:56Z,8635
mik3y/usb-serial-for-android,5070,2013-06-30T23:17:45Z,2025-03-10T17:30:38Z,940
00-Evan/shattered-pixel-dungeon,5068,2014-07-31T21:56:31Z,2025-03-13T16:25:40Z,173239
PhilippC/keepass2android,5065,2017-09-20T18:42:02Z,2025-03-14T08:08:28Z,88508
bitcoinj/bitcoinj,5058,2013-11-19T04:33:23Z,2025-03-16T09:56:04Z,27415
reactor/reactor-core,5057,2015-11-10T10:06:40Z,2025-03-14T22:49:00Z,65249
wequick/Small,5052,2015-11-27T11:37:20Z,2023-09-23T13:49:56Z,7023
remkop/picocli,5044,2017-02-01T16:38:41Z,2025-01-05T12:03:46Z,84980
deathmarine/Luyten,5036,2013-07-11T10:57:28Z,2024-07-11T07:09:11Z,5857
OpenTSDB/opentsdb,5029,2010-08-27T02:05:20Z,2024-12-12T20:03:34Z,41493
CaffeineMC/sodium,5016,2020-02-01T03:04:09Z,2025-03-14T21:56:27Z,7117
Trinea/android-common,5015,2012-06-19T07:49:46Z,2024-02-28T16:00:47Z,1253
natario1/CameraView,5014,2017-07-18T09:30:33Z,2024-09-03T20:56:02Z,30122
brianfrankcooper/YCSB,5013,2010-04-19T20:52:11Z,2024-12-12T01:02:24Z,32677
sofastack/sofa-boot,5013,2018-04-02T08:28:14Z,2025-02-17T09:04:31Z,4813
yipianfengye/android-zxingLibrary,5011,2016-07-26T08:00:18Z,2021-08-20T19:07:06Z,10170
pmd/pmd,5008,2012-07-11T18:03:00Z,2025-03-13T13:10:31Z,510780
j-easy/easy-rules,5008,2013-03-10T14:38:26Z,2024-05-29T20:13:50Z,1776
rubensousa/GravitySnapHelper,5006,2016-08-31T07:25:23Z,2022-01-24T11:27:08Z,83050
ikarus23/MifareClassicTool,5002,2013-02-12T15:39:03Z,2024-12-26T20:02:41Z,7542
alibaba/UltraViewPager,4997,2017-03-29T13:31:53Z,2021-07-14T04:48:51Z,8873
zhanglei-workspace/shopping-management-system,4994,2015-11-16T12:53:21Z,2024-03-07T06:37:19Z,4353
orhanobut/dialogplus,4994,2014-12-12T09:24:44Z,2022-01-17T09:57:28Z,6790
DingMouRen/LayoutManagerGroup,4985,2018-04-28T11:47:38Z,2023-10-11T11:05:47Z,45688
JodaOrg/joda-time,4984,2011-05-16T16:49:57Z,2025-03-10T00:06:39Z,12906
alibaba/QLExpress,4983,2017-03-15T08:39:54Z,2025-03-02T13:32:28Z,2691
spring-attic/spring-mvc-showcase,4982,2011-06-03T15:36:55Z,2022-02-04T23:36:03Z,765
frogermcs/InstaMaterial,4980,2014-11-10T18:56:49Z,2020-09-30T19:55:47Z,4531
rubenlagus/TelegramBots,4980,2016-01-14T00:13:07Z,2025-03-14T22:57:59Z,3872
Fuzion24/JustTrustMe,4977,2014-07-24T23:45:05Z,2024-09-02T19:03:26Z,434
xuexiangjys/XUI,4976,2019-01-07T07:59:02Z,2024-06-25T16:42:24Z,286905
novicezk/midjourney-proxy,4972,2023-04-24T13:43:45Z,2025-01-15T14:32:39Z,5859
LWJGL/lwjgl3,4966,2012-12-23T15:40:04Z,2025-03-02T23:00:50Z,126215
youlookwhat/CloudReader,4963,2016-11-20T11:59:25Z,2024-06-20T02:52:19Z,95417
spring-projects/spring-authorization-server,4956,2020-03-17T17:28:57Z,2025-03-14T03:38:33Z,6073
jankotek/mapdb,4949,2012-08-17T15:28:54Z,2024-06-04T19:19:49Z,10247
amitshekhariitbhu/RxJava2-Android-Samples,4949,2016-08-27T08:21:37Z,2024-07-07T04:03:28Z,498
Devlight/NavigationTabBar,4948,2016-03-29T08:59:27Z,2024-06-09T18:55:50Z,389
2227324689/gpmall,4948,2019-07-18T14:09:22Z,2022-12-11T01:19:58Z,56925
liquibase/liquibase,4946,2011-07-08T20:08:20Z,2025-03-14T20:12:00Z,217509
runelite/runelite,4941,2016-04-30T20:48:02Z,2025-03-15T21:05:44Z,82434
Exrick/xpay,4934,2017-12-12T16:11:19Z,2024-08-26T16:10:08Z,12147
tonikelope/megabasterd,4930,2016-09-29T16:54:54Z,2024-11-19T11:23:56Z,85186
osmandapp/OsmAnd,4929,2011-01-15T19:59:44Z,2025-03-16T19:57:52Z,942955
GeyserMC/Geyser,4928,2019-07-08T17:23:17Z,2025-03-16T00:28:46Z,30735
traex/RippleEffect,4921,2014-10-14T13:32:51Z,2021-02-04T10:54:44Z,833
react-native-linear-gradient/react-native-linear-gradient,4914,2015-03-31T17:44:40Z,2025-03-04T07:12:59Z,2251
Ramotion/folding-cell-android,4902,2016-04-01T11:38:47Z,2022-09-21T05:01:27Z,26341
spring-cloud/spring-cloud-netflix,4900,2014-07-11T15:46:12Z,2025-03-14T19:11:32Z,20587
apache/ignite,4895,2015-02-19T08:00:05Z,2025-03-13T15:18:47Z,438613
CellularPrivacy/Android-IMSI-Catcher-Detector,4895,2013-11-23T10:04:14Z,2025-01-17T11:01:23Z,11248
line/armeria,4878,2015-11-16T04:04:01Z,2025-03-15T10:06:51Z,252979
youlookwhat/DesignPattern,4878,2016-10-21T10:59:32Z,2022-08-06T13:17:59Z,4512
oshi/oshi,4877,2012-02-10T12:46:48Z,2025-03-16T21:23:54Z,331589
roncoo/roncoo-pay,4877,2016-07-21T02:46:06Z,2022-12-31T13:23:01Z,18383
lugg/react-native-config,4875,2016-02-23T00:19:11Z,2025-02-17T20:06:05Z,3835
tianshiyeben/wgcloud,4862,2019-01-15T02:02:21Z,2025-02-04T02:44:19Z,48558
baomidou/dynamic-datasource,4852,2018-04-28T02:32:16Z,2025-03-10T02:13:57Z,1165
houbb/sensitive-word,4840,2020-01-07T03:10:44Z,2025-02-17T04:56:29Z,5625
cglib/cglib,4837,2014-03-29T13:48:30Z,2024-08-16T10:22:51Z,4944
reactive-streams/reactive-streams-jvm,4832,2014-02-28T13:16:15Z,2024-03-13T03:40:25Z,1846
bisq-network/bisq,4831,2014-03-12T09:42:29Z,2025-02-25T12:54:30Z,869084
querydsl/querydsl,4831,2011-08-05T06:46:32Z,2025-03-13T11:31:21Z,51679
DiUS/java-faker,4829,2011-06-06T01:01:21Z,2024-06-12T07:32:41Z,6147
WuKongOpenSource/WukongCRM-11.0-JAVA,4828,2021-04-06T10:58:55Z,2021-08-27T10:21:39Z,114411
microsoft/typespec,4827,2021-06-30T23:29:49Z,2025-03-16T18:22:14Z,54185
cinit/QAuxiliary,4826,2022-01-29T06:12:36Z,2025-03-14T03:24:43Z,8233
mcxiaoke/packer-ng-plugin,4823,2015-11-24T04:08:08Z,2022-06-27T13:21:58Z,1458
andkulikov/Transitions-Everywhere,4815,2014-10-15T03:37:03Z,2020-04-08T09:39:05Z,1247
claritylab/lucida,4806,2014-05-13T17:12:49Z,2022-12-26T20:30:48Z,1352332
TheoKanning/openai-java,4797,2020-09-15T02:58:52Z,2024-06-06T20:00:23Z,547
orientechnologies/orientdb,4784,2012-12-09T20:33:47Z,2025-03-14T14:11:23Z,294984
jindrapetrik/jpexs-decompiler,4782,2014-05-10T17:20:56Z,2025-03-08T08:37:39Z,289249
killbill/killbill,4777,2012-10-21T20:55:05Z,2025-03-06T20:16:25Z,681505
saiwu-bigkoo/Android-ConvenientBanner,4770,2014-12-23T06:12:33Z,2023-10-10T06:15:41Z,12540
killme2008/aviatorscript,4766,2011-03-29T12:48:47Z,2024-07-30T21:45:10Z,13142
rstudio/rstudio,4764,2010-12-07T19:10:25Z,2025-03-15T23:26:16Z,982206
apache/calcite,4760,2014-06-25T07:00:07Z,2025-03-16T11:18:48Z,105169
react-native-webrtc/react-native-webrtc,4755,2015-09-27T10:57:30Z,2025-03-16T12:28:48Z,431969
diffplug/spotless,4755,2015-04-27T19:10:58Z,2025-03-16T06:56:01Z,20498
etsy/AndroidStaggeredGrid,4749,2013-12-09T19:43:45Z,2023-04-09T20:59:34Z,878
google/cameraview,4742,2016-08-04T05:22:14Z,2020-02-08T13:20:53Z,256
fuzhengwei/small-spring,4739,2021-05-15T06:07:28Z,2023-07-17T12:45:42Z,10594
nisrulz/android-tips-tricks,4734,2016-08-25T20:27:33Z,2023-09-12T07:15:28Z,34241
ronmamo/reflections,4734,2013-04-16T16:19:26Z,2024-06-17T21:43:09Z,1064
kyleduo/SwitchButton,4731,2014-09-09T07:20:43Z,2023-12-02T12:28:42Z,12162
Suwayomi/Suwayomi-Server,4726,2020-12-23T20:31:38Z,2025-03-14T03:24:06Z,47942
tuguangquan/mybatis,4722,2014-11-03T04:51:06Z,2022-06-29T19:21:35Z,50815
hongyangAndroid/baseAdapter,4721,2015-08-03T02:55:51Z,2021-10-13T10:21:40Z,724
hneemann/Digital,4716,2016-06-28T17:40:16Z,2025-03-10T12:34:11Z,39619
javastacks/spring-boot-best-practice,4708,2018-11-09T06:23:18Z,2025-02-27T03:56:33Z,218
hansonwang99/Spring-Boot-In-Action,4705,2019-01-28T12:56:51Z,2022-12-16T04:38:12Z,15827
jgilfelt/chuck,4699,2017-02-07T23:51:39Z,2021-12-13T11:44:58Z,1899
spring-attic/spring-security-oauth,4695,2011-07-26T18:08:49Z,2022-05-30T20:10:19Z,7273
mock-server/mockserver,4691,2013-02-26T06:09:52Z,2025-02-14T06:53:29Z,51955
pardom-zz/ActiveAndroid,4690,2012-11-15T18:10:45Z,2021-10-15T16:28:24Z,18083
wdullaer/MaterialDateTimePicker,4666,2015-01-03T19:41:03Z,2022-08-23T14:10:14Z,2001
firebase/FirebaseUI-Android,4666,2015-07-09T17:31:09Z,2025-03-13T13:31:57Z,28535
gabrielemariotti/cardslib,4650,2013-09-20T21:57:19Z,2021-11-18T19:50:33Z,30628
romandanylyk/PageIndicatorView,4640,2016-08-20T19:25:32Z,2024-08-09T09:56:50Z,33988
zq2599/blog_demos,4633,2017-04-09T04:51:56Z,2024-05-18T11:41:51Z,247898
zlt2000/microservices-platform,4632,2019-03-07T07:13:37Z,2025-01-06T02:07:27Z,300837
SPLWare/esProc,4627,2021-11-09T15:41:25Z,2025-03-15T03:04:50Z,1026287
spring-cloud/spring-cloud-gateway,4612,2016-11-16T21:42:51Z,2025-03-16T09:58:03Z,13024
cjlin1/libsvm,4610,2013-09-10T14:32:07Z,2024-08-31T22:32:54Z,9765
SplashCodes/JAViewer,4609,2016-05-21T08:47:10Z,2021-08-22T07:00:24Z,2335
Heeexy/SpringBoot-Shiro-Vue,4602,2017-11-17T18:49:06Z,2024-08-12T01:10:44Z,418
Netflix/ribbon,4595,2013-01-15T01:08:04Z,2024-12-10T21:18:08Z,3541
apache/rocketmq-externals,4590,2017-03-14T07:00:06Z,2024-12-09T09:00:27Z,36288
stleary/JSON-java,4586,2010-12-21T17:46:09Z,2025-03-06T02:30:25Z,3036
yasserg/crawler4j,4580,2011-12-31T22:49:18Z,2021-11-04T08:31:46Z,1186
Sayi/poi-tl,4576,2015-03-20T06:47:52Z,2025-02-25T01:55:42Z,102715
chentao0707/SimplifyReader,4576,2015-08-17T08:22:53Z,2021-09-17T06:40:26Z,62804
puniverse/quasar,4567,2013-03-27T14:51:24Z,2024-01-21T07:18:32Z,80585
saysky/ForestBlog,4565,2017-10-08T15:27:47Z,2024-07-03T04:38:32Z,52149
javagrowing/JGrowing,4565,2019-02-26T01:55:08Z,2020-10-13T13:45:13Z,2987
micrometer-metrics/micrometer,4559,2017-04-10T21:36:51Z,2025-03-14T22:42:50Z,36129
bytedeco/javacpp,4559,2014-04-21T12:47:21Z,2024-11-22T23:12:57Z,10944
dunwu/db-tutorial,4558,2017-08-08T06:33:38Z,2024-10-08T23:22:25Z,13001
danielzeller/Depth-LIB-Android-,4557,2016-04-27T09:37:28Z,2024-10-31T07:43:00Z,3656
zhanghai/Douya,4557,2016-02-01T13:44:19Z,2021-06-14T20:48:22Z,25350
square/sqlbrite,4556,2015-02-19T04:38:37Z,2020-08-17T16:20:56Z,754
go-lang-plugin-org/go-lang-idea-plugin,4555,2010-08-29T08:20:01Z,2018-08-11T19:54:16Z,34753
AutoMQ/automq,4546,2023-08-17T07:50:13Z,2025-03-14T20:01:00Z,186122
jdamcd/android-crop,4538,2014-03-13T10:24:43Z,2021-06-01T04:07:06Z,2835
apache/maven,4534,2009-05-21T03:22:03Z,2025-03-15T08:48:22Z,85355
981011512/--,4525,2020-06-18T22:47:21Z,2025-02-25T11:57:25Z,17048
RedSpider1/concurrent,4524,2018-11-03T13:49:36Z,2024-12-21T08:02:15Z,12619
alibaba/dexposed,4524,2015-06-30T02:59:16Z,2017-03-29T11:48:10Z,1875
Flipboard/bottomsheet,4522,2015-04-23T17:37:32Z,2019-03-13T10:10:01Z,363
CalebFenton/simplify,4516,2014-01-16T05:14:02Z,2022-04-30T12:20:33Z,103553
castorflex/SmoothProgressBar,4514,2013-11-27T20:32:16Z,2021-05-21T18:02:35Z,15681
Docile-Alligator/Infinity-For-Reddit,4513,2018-07-26T15:02:51Z,2025-03-16T07:26:08Z,29302
chewiebug/GCViewer,4510,2011-10-23T09:01:04Z,2025-02-02T15:38:37Z,6761
nextcloud/android,4498,2016-06-06T21:23:36Z,2025-03-15T23:00:59Z,503052
JZ-Darkal/AndroidHttpCapture,4491,2016-10-15T19:48:00Z,2024-03-22T03:07:01Z,5848
HotBitmapGG/bilibili-android-client,4491,2016-06-01T04:36:01Z,2021-03-17T10:25:18Z,113179
azkaban/azkaban,4490,2012-10-18T01:34:53Z,2024-07-03T06:07:59Z,57554
phishman3579/java-algorithms-implementation,4487,2013-11-20T03:30:19Z,2022-12-05T03:25:28Z,1487
JakeWharton/NineOldAndroids,4480,2011-12-08T19:46:37Z,2016-04-23T04:31:21Z,1207
objectbox/objectbox-java,4480,2017-01-24T10:29:48Z,2025-03-05T07:13:01Z,2957
allure-framework/allure2,4476,2016-05-27T14:06:05Z,2025-03-07T03:00:54Z,14864
oracle/opengrok,4474,2013-01-07T11:49:18Z,2025-03-06T20:44:59Z,487664
hussien89aa/AndroidTutorialForBeginners,4469,2016-09-26T16:36:28Z,2023-08-22T19:24:48Z,688
tiann/epic,4463,2017-05-22T02:52:44Z,2023-07-22T14:04:07Z,558
janishar/android-mvp-architecture,4444,2017-01-27T08:39:06Z,2024-04-16T15:28:00Z,6144
square/android-times-square,4438,2013-01-30T20:28:27Z,2023-05-28T01:46:37Z,1541
Meituan-Dianping/Robust,4436,2017-03-14T10:14:50Z,2022-04-27T10:11:34Z,26253
discord-jda/JDA,4436,2015-12-12T13:57:32Z,2025-02-23T05:20:20Z,33994
Tencent/GT,4407,2016-01-13T10:29:55Z,2023-04-07T11:42:43Z,21307
airbnb/DeepLinkDispatch,4397,2015-06-11T21:16:48Z,2023-06-27T23:16:54Z,2819
dreamhead/moco,4391,2012-10-18T09:09:51Z,2024-07-24T15:21:30Z,6078
ant-media/Ant-Media-Server,4389,2017-03-01T08:21:13Z,2025-03-16T21:48:19Z,1192820
robinhood/ticker,4385,2016-07-15T21:37:52Z,2023-11-23T18:03:23Z,1681
rememberber/WePush,4376,2017-06-23T09:03:36Z,2024-11-28T14:32:24Z,47382
deepjavalibrary/djl,4372,2019-10-29T22:38:54Z,2025-03-14T03:12:20Z,48383
Ashok-Varma/BottomNavigation,4367,2016-03-19T19:19:30Z,2020-12-14T10:06:25Z,3928
apache/shiro,4360,2009-08-29T08:00:17Z,2025-03-14T19:29:49Z,30702
awangdev/leet-code,4357,2015-04-25T19:14:09Z,2024-11-27T23:34:32Z,7522
angryip/ipscan,4356,2011-06-28T20:58:48Z,2024-11-23T19:03:47Z,117513
water8394/flink-recommandSystem-demo,4352,2019-05-15T07:55:35Z,2024-02-04T08:18:39Z,4692
charles2gan/GDA-android-reversing-Tool,4346,2017-10-31T08:18:29Z,2024-05-08T09:19:37Z,82285
Freeyourgadget/Gadgetbridge,4313,2015-01-05T23:19:03Z,2024-12-23T17:24:07Z,60912
bingoogolapple/BGARefreshLayout-Android,4310,2015-05-28T16:17:00Z,2024-12-10T15:34:52Z,7569
h2database/h2database,4307,2015-04-10T19:09:09Z,2025-02-17T20:22:49Z,90124
jeasonlzy/ImagePicker,4301,2016-01-27T17:05:03Z,2020-10-27T06:08:16Z,21059
pytorch/serve,4300,2019-10-03T03:17:43Z,2025-03-15T04:43:10Z,125768
jacoco/jacoco,4297,2012-07-08T21:45:13Z,2025-03-08T21:43:08Z,11652
mcxiaoke/android-volley,4290,2013-05-21T05:35:26Z,2017-05-15T08:20:04Z,952
eirslett/frontend-maven-plugin,4285,2013-08-30T14:44:38Z,2025-01-17T12:54:44Z,2198
aporter/coursera-android,4277,2014-01-05T09:55:31Z,2020-10-04T07:21:38Z,22558
grantland/android-autofittextview,4269,2011-02-14T06:00:52Z,2019-01-12T23:57:12Z,1190
ongakuer/CircleIndicator,4268,2014-07-30T14:02:56Z,2023-05-03T11:02:37Z,4407
brianway/java-learning,4266,2016-02-09T05:20:58Z,2022-01-08T16:03:06Z,800
IoT-Technology/IoT-Technical-Guide,4261,2019-04-02T01:52:44Z,2023-09-05T12:28:00Z,1361
bjmashibing/InternetArchitect,4255,2019-10-19T16:32:01Z,2022-12-14T20:42:20Z,298764
dromara/dynamic-tp,4253,2022-01-07T16:35:27Z,2025-03-11T15:55:03Z,16873
dragonwell-project/dragonwell8,4251,2019-03-07T02:57:45Z,2025-03-03T02:41:19Z,1046611
ThirtyDegreesRay/OpenHub,4251,2017-07-11T13:29:51Z,2024-05-30T14:01:01Z,10128
linhaojun857/aurora,4240,2022-08-19T13:39:16Z,2024-09-22T06:05:42Z,5258
flutter-webrtc/flutter-webrtc,4235,2018-03-07T02:26:03Z,2025-03-12T14:38:52Z,469856
failsafe-lib/failsafe,4231,2015-06-30T00:56:39Z,2024-06-09T20:41:39Z,1613
zongzibinbin/MallChat,4224,2023-03-16T15:04:35Z,2024-08-19T14:34:44Z,2144
ChadCSong/ShineButton,4220,2016-07-05T06:32:26Z,2022-10-08T07:47:29Z,2525
spring-projects/spring-ai,4215,2023-06-27T18:57:29Z,2025-03-14T10:34:14Z,81176
codingapi/tx-lcn,4208,2017-11-11T03:34:34Z,2023-09-06T07:27:14Z,14551
crate/crate,4194,2013-04-10T09:17:16Z,2025-03-14T16:36:27Z,160861
hugeterry/CoordinatorTabLayout,4192,2017-01-27T13:40:28Z,2019-12-25T03:38:34Z,11528
jitsi/jitsi,4188,2013-04-24T17:37:20Z,2024-10-28T21:07:16Z,579362
yhaolpz/FloatWindow,4188,2017-11-14T14:33:55Z,2021-10-13T09:50:11Z,1002
camunda/camunda-bpm-platform,4187,2013-01-03T10:10:31Z,2025-03-14T16:19:06Z,165025
Jacksgong/JKeyboardPanelSwitch,4186,2015-07-01T17:42:01Z,2020-08-18T05:13:02Z,24090
mybatis/spring-boot-starter,4183,2015-09-25T13:05:15Z,2025-03-06T19:39:47Z,15321
powermock/powermock,4181,2014-05-28T07:53:53Z,2024-01-03T18:46:42Z,5949
oddfar/campus-imaotai,4178,2023-07-07T10:37:13Z,2025-01-21T08:08:29Z,3066
zhkl0228/unidbg,4176,2019-02-26T09:32:15Z,2025-02-05T16:50:34Z,590078
bingoogolapple/BGABanner-Android,4172,2014-10-25T17:15:18Z,2024-12-10T17:06:18Z,40655
jboss-javassist/javassist,4169,2013-05-24T08:31:32Z,2024-10-03T15:32:31Z,30583
google/open-location-code,4168,2014-09-30T18:26:35Z,2025-03-07T10:46:54Z,4761
aws/aws-sdk-java,4148,2010-03-22T23:34:58Z,2025-02-19T21:46:53Z,6576672
pedrovgs/AndroidWiFiADB,4146,2015-10-18T21:58:45Z,2019-05-23T10:17:28Z,3109
jlegewie/zotfile,4141,2011-12-30T14:47:42Z,2024-04-16T14:14:46Z,10517
microsoft/malmo,4136,2016-05-17T14:58:40Z,2023-12-04T09:23:11Z,28835
gsantner/markor,4131,2017-08-26T00:08:35Z,2025-03-11T20:29:32Z,37616
dromara/hmily,4122,2017-09-28T06:29:01Z,2024-07-14T04:16:31Z,3787
alibaba/Tangram-Android,4114,2017-03-29T13:29:57Z,2021-07-14T04:43:37Z,1604
Snailclimb/guide-rpc-framework,4113,2020-05-10T13:24:42Z,2024-07-22T12:17:10Z,4361
dinuscxj/LoadingDrawable,4113,2016-04-16T07:33:57Z,2017-04-13T09:50:48Z,13846
zendesk/maxwell,4094,2015-02-09T22:06:13Z,2025-03-12T22:09:18Z,29791
Manabu-GT/ExpandableTextView,4089,2014-05-17T19:40:15Z,2022-07-17T19:55:46Z,4287
fast-excel/fastexcel,4078,2024-10-05T11:42:50Z,2025-03-15T04:29:52Z,23761
code4craft/tiny-spring,4068,2014-01-10T16:37:57Z,2023-11-27T06:31:02Z,638
nining377/dolby_beta,4067,2020-05-19T12:13:36Z,2024-06-22T07:39:46Z,101223
rubensousa/ViewPagerCards,4067,2016-08-20T15:24:12Z,2018-03-11T10:12:42Z,105
bepass-org/oblivion,4064,2024-02-08T05:50:09Z,2025-02-20T12:59:02Z,3270
s4kibs4mi/java-developer-roadmap,4062,2019-04-23T06:42:13Z,2025-01-05T06:49:46Z,4941
oblac/jodd,4062,2012-09-07T20:26:48Z,2024-04-15T19:08:00Z,42823
qunarcorp/bistoury,4056,2019-08-01T07:54:25Z,2022-12-16T08:45:38Z,32465
mywalkb/LSPosed_mod,4055,2022-03-28T08:05:38Z,2024-09-30T03:52:00Z,21897
luckybilly/CC,4051,2017-11-23T16:26:33Z,2023-10-11T01:51:19Z,32435
pqpo/SmartCropper,4046,2017-08-03T11:08:41Z,2024-04-01T14:11:18Z,249118
DTStack/chunjun,4032,2018-04-03T12:44:58Z,2025-03-05T06:54:34Z,132442
oldmanpushcart/greys-anatomy,4028,2012-11-21T19:39:35Z,2022-10-25T03:24:47Z,1769
xcltapestry/XCL-Charts,4017,2014-06-09T15:44:50Z,2017-07-07T03:10:05Z,127035
apache/streampark,4016,2019-05-27T05:56:03Z,2025-03-11T15:25:33Z,62163
apache/dubbo-admin,4012,2018-01-11T05:30:17Z,2024-08-16T22:34:05Z,14308
BoltsFramework/Bolts-Android,4011,2014-01-30T04:58:14Z,2019-03-11T14:59:13Z,476
TGX-Android/Telegram-X,4006,2021-08-17T17:09:25Z,2025-03-15T12:06:25Z,44749
makovkastar/FloatingActionButton,4004,2014-07-22T13:29:55Z,2023-05-28T15:33:21Z,11228
Yalantis/Phoenix,4004,2015-01-12T14:11:20Z,2022-09-22T09:40:03Z,663
lcodecorex/TwinklingRefreshLayout,4002,2016-03-02T12:11:56Z,2023-03-27T03:44:19Z,82617
Piasy/BigImageViewer,3986,2016-11-06T09:55:02Z,2022-12-12T00:31:21Z,55900
orhanobut/hawk,3985,2015-02-19T22:25:23Z,2022-07-10T10:09:05Z,967
geoserver/geoserver,3982,2011-11-10T19:56:06Z,2025-03-16T15:19:31Z,318278
qstumn/BadgeView,3979,2017-02-08T02:01:39Z,2021-03-30T01:28:09Z,9326
alibaba/fastjson2,3979,2022-04-17T04:27:24Z,2025-03-17T00:55:19Z,129945
binIoter/GuideView,3957,2016-06-19T08:52:25Z,2023-05-28T16:36:55Z,7068
mercyblitz/tech-weekly,3956,2018-12-03T03:10:52Z,2024-04-04T04:44:58Z,19489
jbloch/effective-java-3e-source-code,3952,2018-08-03T20:48:35Z,2020-10-28T20:11:11Z,89
Aliucord/Aliucord,3951,2021-02-27T16:59:06Z,2025-03-14T04:30:43Z,82236
NotFound9/interviewGuide,3944,2016-04-20T07:17:09Z,2023-08-07T06:26:02Z,62214
zzhoujay/RichText,3940,2015-07-21T09:36:01Z,2024-07-10T02:45:37Z,2485
JoanZapata/android-iconify,3937,2013-06-12T11:42:01Z,2022-11-17T00:11:55Z,3689
rengwuxian/RxJavaSamples,3937,2016-03-24T13:08:10Z,2018-01-16T14:39:53Z,4613
knowm/XChange,3935,2012-02-02T10:48:28Z,2025-03-14T11:53:56Z,50469
201206030/novel-plus,3933,2020-05-02T07:15:43Z,2025-03-16T23:54:49Z,42201
JeremyLiao/LiveEventBus,3929,2018-07-11T07:36:59Z,2024-05-16T10:16:52Z,2678
rovo89/XposedInstaller,3928,2012-04-02T20:33:05Z,2023-05-26T01:14:08Z,18977
jMonkeyEngine/jmonkeyengine,3925,2014-03-20T22:29:28Z,2025-03-13T08:55:00Z,979750
linyiqun/DataMiningAlgorithm,3904,2015-01-11T02:50:28Z,2016-03-26T13:15:34Z,535
bluelinelabs/Conductor,3902,2016-03-16T18:42:41Z,2024-06-07T18:00:21Z,3764
alibaba/jstorm,3901,2013-09-03T03:53:16Z,2023-06-16T07:13:49Z,108125
jetty/jetty.project,3898,2011-07-14T01:11:57Z,2025-03-16T21:33:26Z,265207
databricks/learning-spark,3890,2014-06-16T04:47:54Z,2023-12-16T18:15:33Z,370
awaitility/awaitility,3880,2010-01-22T15:12:52Z,2025-02-26T12:20:50Z,1377
fishercoder1534/Leetcode,3879,2016-07-31T05:28:15Z,2025-03-03T21:42:27Z,11944
JavaNoober/BackgroundLibrary,3873,2018-09-09T08:52:45Z,2023-03-09T06:06:43Z,14430
kermitt2/grobid,3868,2012-09-13T15:48:54Z,2025-03-12T06:07:56Z,1637218
bitcoin-wallet/bitcoin-wallet,3863,2012-03-31T17:06:47Z,2025-03-05T16:08:48Z,42022
Exrick/xboot,3862,2018-04-23T14:44:18Z,2023-06-14T22:44:01Z,5309
sofastack/sofa-rpc,3861,2018-04-09T03:32:04Z,2025-03-14T03:35:52Z,4212
pingfangushi/screw,3859,2020-06-21T11:37:06Z,2023-04-13T06:37:44Z,2092
amirzaidi/Launcher3,3859,2017-05-30T12:53:32Z,2022-08-24T13:51:46Z,129066
promeG/TinyPinyin,3855,2015-09-30T03:24:50Z,2024-11-25T06:53:20Z,619
vipulasri/Timeline-View,3853,2015-12-15T14:55:04Z,2025-02-16T18:54:23Z,23276
VaughnVernon/IDDD_Samples,3839,2013-04-08T22:12:57Z,2023-09-09T17:02:35Z,546
tronprotocol/java-tron,3837,2017-12-26T10:20:38Z,2025-03-14T07:57:32Z,211730
aurelhubert/ahbottomnavigation,3835,2016-03-17T12:17:56Z,2021-07-10T21:57:52Z,5644
MiguelCatalan/MaterialSearchView,3830,2015-09-14T17:13:46Z,2020-07-24T16:31:11Z,4665
wendux/DSBridge-Android,3823,2017-01-02T11:58:53Z,2020-09-11T06:36:58Z,902
RipMeApp/ripme,3821,2017-01-06T17:12:09Z,2025-02-11T17:15:26Z,5236
uknownothingsnow/CircleProgress,3817,2014-10-30T16:14:42Z,2021-10-09T08:07:36Z,2538
shuzijun/leetcode-editor,3812,2019-03-19T16:32:17Z,2024-08-12T13:12:21Z,30927
lukas-krecan/ShedLock,3793,2016-12-11T13:53:59Z,2025-03-14T15:29:02Z,7827
JabRef/jabref,3786,2014-03-11T14:48:42Z,2025-03-16T22:24:23Z,237783
sunfusheng/MarqueeView,3782,2016-06-01T06:50:46Z,2020-11-11T01:33:50Z,12351
syncthing/syncthing-android,3782,2014-02-22T17:15:19Z,2024-12-03T21:13:47Z,23375
lygttpod/SuperTextView,3773,2016-10-19T04:06:54Z,2021-06-15T11:35:48Z,25933
LibrePDF/OpenPDF,3770,2016-07-11T15:50:34Z,2024-11-27T06:09:15Z,38849
yanzhenjie/AndServer,3767,2016-06-14T00:52:52Z,2023-06-07T08:04:09Z,6648
PBH-BTN/PeerBanHelper,3767,2024-02-07T14:35:16Z,2025-03-13T06:38:18Z,90917
mpusher/mpush,3767,2016-04-28T01:43:19Z,2022-06-17T01:50:04Z,2595
roboguice/roboguice,3759,2012-08-12T20:37:19Z,2017-01-19T21:02:22Z,70278
andOTP/andOTP,3754,2017-07-05T11:39:52Z,2022-06-14T05:44:55Z,13870
ZHENFENG13/My-Blog,3751,2019-03-04T09:17:00Z,2024-03-07T06:31:25Z,30373
Ereza/CustomActivityOnCrash,3749,2014-07-04T19:46:21Z,2024-05-17T08:29:02Z,622
CameraKit/blurkit-android,3744,2016-11-06T03:14:58Z,2021-04-03T23:18:57Z,6270
timehop/sticky-headers-recyclerview,3743,2014-10-03T01:57:46Z,2018-10-24T21:23:54Z,337
react-native-share/react-native-share,3743,2015-09-30T02:27:34Z,2025-03-16T09:45:59Z,13921
lilishop/lilishop,3743,2021-05-14T01:28:51Z,2025-02-24T06:20:44Z,49081
mcxtzhang/SwipeDelMenuLayout,3742,2016-08-25T08:10:45Z,2020-01-02T06:03:55Z,5660
googlesamples/mlkit,3729,2020-05-28T21:40:38Z,2024-10-04T18:38:24Z,47635
willowtreeapps/spruce-android,3720,2017-02-23T20:34:18Z,2021-02-09T01:00:46Z,8169
MovingBlocks/Terasology,3711,2011-03-04T03:49:19Z,2024-12-17T03:41:08Z,305766
uber/NullAway,3709,2017-09-01T17:35:57Z,2025-03-15T03:13:15Z,6907
Atmosphere/atmosphere,3708,2010-06-30T14:26:23Z,2025-02-06T16:08:32Z,113410
yanzhenjie/NoHttp,3707,2015-07-29T06:11:12Z,2018-07-30T01:23:31Z,54486
stfalcon-studio/ChatKit,3705,2017-02-02T09:37:15Z,2022-05-23T20:11:06Z,6136
kubernetes-client/java,3704,2017-05-08T21:52:58Z,2025-03-15T00:37:55Z,52295
ryanhoo/StylishMusicPlayer,3703,2016-09-13T14:38:32Z,2020-05-13T16:42:12Z,2929
ethanhua/Skeleton,3697,2017-07-30T06:42:39Z,2021-07-31T07:30:24Z,17001
ByteLegend/ByteLegend,3694,2021-02-01T10:11:30Z,2023-08-17T06:26:58Z,71743
liuyubobobo/Play-with-Algorithms,3685,2016-07-05T18:16:22Z,2021-12-12T18:48:29Z,112003
yangfuhai/ASimpleCache,3684,2013-07-28T13:50:59Z,2020-07-25T03:29:18Z,719
zhpanvip/BannerViewPager,3682,2017-03-28T09:11:11Z,2025-01-20T07:06:07Z,134099
apache/kylin,3682,2015-01-03T08:00:05Z,2025-03-16T08:07:58Z,573285
google/rejoiner,3668,2017-12-06T19:09:53Z,2023-06-13T22:58:03Z,793
lisawray/groupie,3665,2016-09-01T20:59:35Z,2023-10-03T04:12:10Z,678
shopizer-ecommerce/shopizer,3664,2012-11-21T03:42:39Z,2025-02-06T17:14:51Z,566491
google/bundletool,3663,2018-05-04T07:24:09Z,2025-03-06T12:00:45Z,10812
watabou/pixel-dungeon,3662,2014-07-26T17:34:32Z,2019-07-23T09:09:27Z,8161
sofastack/sofa-jraft,3661,2019-03-04T10:13:43Z,2025-02-18T10:29:49Z,3089
linkedin/databus,3656,2012-12-17T17:49:17Z,2023-09-28T17:53:01Z,51191
torakiki/pdfsam,3655,2013-09-24T11:06:13Z,2025-03-10T01:16:03Z,15147
KunMinX/Linkage-RecyclerView,3652,2019-04-22T04:39:46Z,2023-03-17T14:54:03Z,761
litesuits/android-common,3647,2014-05-29T08:08:00Z,2017-09-06T00:23:05Z,594
PlexPt/chatgpt-java,3636,2022-12-07T04:55:33Z,2024-12-09T12:11:10Z,464
networknt/light-4j,3635,2016-09-09T22:28:14Z,2025-03-07T02:03:49Z,11976
JFormDesigner/FlatLaf,3634,2019-08-19T10:27:05Z,2025-03-16T10:41:50Z,21220
RoaringBitmap/RoaringBitmap,3631,2013-06-17T20:29:23Z,2025-03-14T21:40:44Z,90644
apache/incubator-heron,3629,2015-09-25T16:09:24Z,2023-03-01T15:11:08Z,183934
JCTools/JCTools,3628,2013-11-10T18:04:40Z,2024-06-01T14:55:08Z,7891
undertow-io/undertow,3627,2012-07-19T00:52:44Z,2025-03-14T15:05:01Z,27344
dingjikerbo/Android-BluetoothKit,3625,2015-10-08T09:07:33Z,2023-04-25T06:02:54Z,3989
Dimezis/BlurView,3618,2016-04-21T16:00:07Z,2025-01-04T14:58:36Z,13457
rockerhieu/emojicon,3610,2014-01-18T12:32:38Z,2020-06-13T00:51:58Z,9713
jtablesaw/tablesaw,3607,2016-01-01T14:58:28Z,2025-02-18T16:25:21Z,66338
spotbugs/spotbugs,3602,2016-11-04T22:18:08Z,2025-03-16T00:11:29Z,146658
helidon-io/helidon,3599,2018-08-27T11:03:52Z,2025-03-14T17:02:15Z,109987
tyrantgit/ExplosionField,3596,2015-09-23T11:34:50Z,2017-01-17T08:06:52Z,1570
fesh0r/fernflower,3594,2014-10-03T05:00:15Z,2025-03-04T05:44:05Z,7061
alibaba/Alink,3594,2018-09-30T06:36:11Z,2024-06-07T14:56:29Z,18863
dongjunkun/DropDownMenu,3590,2015-06-23T07:43:56Z,2022-02-18T09:26:17Z,14892
grpc-ecosystem/grpc-spring,3589,2016-12-30T09:06:15Z,2025-03-04T23:44:00Z,3937
huburt-Hu/NewbieGuide,3587,2017-07-28T06:54:05Z,2024-02-18T03:21:03Z,795
kikoso/android-stackblur,3583,2013-08-15T14:44:32Z,2023-05-28T15:32:32Z,6716
iterate-ch/cyberduck,3579,2017-01-20T14:16:34Z,2025-03-15T23:32:49Z,641575
dtinit/data-transfer-project,3577,2018-01-04T21:27:57Z,2025-03-14T20:06:47Z,10489
spockframework/spock,3575,2010-12-12T19:02:34Z,2025-03-16T17:47:37Z,33826
coderbruis/JavaSourceCodeLearning,3572,2020-06-02T13:34:20Z,2022-05-31T10:26:51Z,8297
googlemaps/android-maps-utils,3570,2013-05-17T00:08:48Z,2025-03-11T17:48:42Z,17855
davideas/FlexibleAdapter,3566,2015-05-02T22:00:43Z,2023-04-17T16:34:47Z,10850
JakeWharton/ThreeTenABP,3562,2015-07-03T17:35:09Z,2025-03-12T20:56:23Z,431
lihangleo2/ShadowLayout,3562,2019-07-09T07:17:06Z,2025-01-06T17:25:04Z,4204
WVector/AppUpdate,3558,2017-06-19T09:38:42Z,2021-01-19T15:33:36Z,50788
FasterXML/jackson-databind,3557,2011-12-23T07:17:41Z,2025-03-14T22:35:35Z,81889
vert-x3/vertx-examples,3556,2015-02-24T17:42:44Z,2025-02-13T13:21:37Z,52105
code4craft/netty-learning,3552,2013-09-19T02:24:25Z,2017-02-07T08:39:36Z,3362
dropbox/hackpad,3551,2015-08-14T02:32:17Z,2023-05-22T20:06:37Z,110132
johncarl81/parceler,3548,2013-07-03T02:53:01Z,2022-05-20T20:48:57Z,1565
bilibili/MagicaSakura,3548,2016-06-23T07:54:59Z,2022-02-16T08:39:50Z,3043
hmkcode/Android,3545,2013-09-02T16:12:28Z,2023-12-24T16:53:32Z,1841
arimorty/floatingsearchview,3540,2015-11-22T02:38:32Z,2022-08-28T17:46:50Z,7915
luontola/retrolambda,3539,2013-07-20T07:25:22Z,2023-09-26T15:12:04Z,1063
rbmonster/learning-note,3533,2020-06-15T16:47:25Z,2025-01-16T12:51:38Z,67617
nytimes/Store,3522,2016-11-29T20:17:11Z,2019-12-06T21:32:10Z,2538
microservices-patterns/ftgo-application,3521,2017-10-23T04:30:04Z,2025-03-13T00:38:19Z,1010
spring-io/initializr,3520,2013-06-07T16:02:22Z,2025-03-13T10:55:55Z,10991
lsjwzh/RecyclerViewPager,3520,2015-01-17T18:30:34Z,2021-03-11T10:48:00Z,3248
camunda/camunda,3519,2016-03-20T03:38:04Z,2025-03-17T01:01:36Z,575553
Querz/mcaselector,3516,2018-04-22T22:23:26Z,2025-03-17T01:03:17Z,23686
andremion/Music-Player,3515,2016-05-06T21:55:37Z,2018-12-02T04:16:31Z,24772
Mojang/brigadier,3514,2014-09-15T08:48:24Z,2024-08-15T19:29:48Z,470
karma9874/AndroRAT,3510,2020-03-22T09:31:28Z,2024-07-17T17:22:43Z,40789
yacy/yacy_search_server,3509,2015-03-22T12:54:20Z,2025-01-03T12:00:16Z,826848
baoyongzhang/SwipeMenuListView,3506,2014-08-24T15:40:45Z,2022-09-08T07:08:01Z,1854
codeestX/GeekNews,3503,2016-08-07T14:56:56Z,2018-08-25T11:26:10Z,83845
fyhertz/libstreaming,3500,2013-01-30T21:24:47Z,2023-01-26T08:55:11Z,1537
tchiotludo/akhq,3496,2018-09-09T19:35:39Z,2025-03-14T21:31:54Z,34935
KingJA/LoadSir,3490,2017-09-02T08:32:15Z,2020-12-26T03:23:03Z,4024
M66B/FairEmail,3488,2018-08-02T13:30:25Z,2025-03-16T20:13:58Z,1107666
spring-cloud/spring-cloud-kubernetes,3487,2016-12-13T21:36:25Z,2025-03-10T20:10:32Z,58242
anggrayudi/android-hidden-api,3485,2015-09-16T11:58:33Z,2025-01-17T11:02:07Z,334972
jishenghua/jshERP,3484,2016-09-20T04:51:39Z,2025-03-16T07:25:55Z,67165
lenve/JavaEETest,3482,2016-12-13T02:13:58Z,2023-05-14T10:12:03Z,27714
dariuszseweryn/RxAndroidBle,3481,2016-02-04T13:42:02Z,2024-10-05T15:38:09Z,2923
fabric8io/kubernetes-client,3479,2015-07-09T15:43:13Z,2025-03-14T11:30:32Z,500833
ittianyu/BottomNavigationViewEx,3476,2016-11-12T08:39:38Z,2024-04-21T20:10:20Z,1770
rubensousa/PreviewSeekBar,3468,2017-01-24T23:52:44Z,2024-01-10T22:04:52Z,63625
mbechler/marshalsec,3467,2017-05-22T11:43:57Z,2025-01-09T19:07:14Z,469
immutables/immutables,3467,2013-07-07T13:48:23Z,2025-01-17T19:16:33Z,12954
javahuang/SurveyKing,3462,2021-09-06T13:34:14Z,2024-08-06T14:27:27Z,87973
gh0stkey/HaE,3445,2020-03-24T10:12:50Z,2025-03-12T10:30:09Z,10983
ferredoxin/QNotified,3443,2019-03-24T05:12:41Z,2023-02-13T07:17:41Z,8766
crossoverJie/SSM,3442,2016-06-21T10:09:02Z,2018-07-02T14:32:39Z,4404
apache/logging-log4j2,3441,2013-06-12T07:00:19Z,2025-03-14T15:23:15Z,129236
phodal/migration,3438,2020-01-08T02:11:38Z,2021-08-12T08:05:53Z,6167
alamkanak/Android-Week-View,3434,2014-09-17T10:07:12Z,2024-05-30T16:25:55Z,814
xcc3641/SeeWeather,3434,2016-02-20T13:10:14Z,2020-03-03T03:22:09Z,16083
guolindev/giffun,3433,2019-01-28T05:11:00Z,2021-01-29T13:47:14Z,7432
sherxon/AlgoDS,3432,2016-12-16T17:01:22Z,2023-10-27T13:05:54Z,1585
IrisShaders/Iris,3431,2020-10-22T20:21:12Z,2025-03-14T21:47:15Z,57811
LinShunKang/MyPerf4J,3430,2018-03-11T09:58:44Z,2024-09-08T14:04:17Z,1295
cSploit/android,3422,2014-10-04T05:53:29Z,2024-04-27T22:17:26Z,39651
openhab/openhab1-addons,3418,2013-09-20T20:28:43Z,2021-01-18T20:08:08Z,244412
OpenHFT/Chronicle-Queue,3417,2013-06-02T15:11:33Z,2025-03-06T10:25:54Z,29767
Netflix/maestro,3416,2024-04-17T01:15:56Z,2025-02-25T02:00:02Z,1303
GitLqr/LQRWeChat,3409,2017-02-07T06:32:40Z,2023-04-10T11:18:15Z,120743
Grt1228/chatgpt-java,3404,2023-02-11T08:54:54Z,2024-08-08T03:04:22Z,466
woxingxiao/BubbleSeekBar,3400,2016-11-03T14:31:05Z,2022-06-29T13:11:46Z,43994
AxonFramework/AxonFramework,3396,2011-12-02T16:04:42Z,2025-03-16T03:08:31Z,53132
yigit/android-priority-jobqueue,3394,2014-06-20T00:12:45Z,2022-10-22T00:16:33Z,14756
AsamK/signal-cli,3389,2015-05-11T10:49:42Z,2025-03-16T11:22:25Z,6398
google/volley,3387,2017-01-24T17:39:33Z,2025-02-25T16:36:30Z,1423
Red5/red5-server,3384,2013-11-19T05:04:10Z,2025-03-10T13:26:50Z,120064
springdoc/springdoc-openapi,3383,2019-07-11T23:08:20Z,2025-03-04T12:43:32Z,10870
eclipse-openj9/openj9,3379,2017-08-25T13:46:07Z,2025-03-14T23:26:23Z,190111
avast/android-butterknife-zelezny,3374,2013-12-23T14:24:08Z,2018-02-26T08:49:44Z,748
kevinsawicki/http-request,3374,2011-10-21T19:54:58Z,2023-10-25T22:21:44Z,1678
blossom-editor/blossom,3372,2023-08-07T03:02:17Z,2025-02-28T14:28:57Z,63128
uber/AutoDispose,3370,2016-12-22T18:46:11Z,2024-07-25T02:47:03Z,12520
abel533/MyBatis-Spring-Boot,3370,2015-12-19T09:57:22Z,2022-01-26T08:37:37Z,152
apache/incubator-kie-optaplanner,3362,2011-02-15T19:38:23Z,2025-03-16T05:41:07Z,243776
HelloWorld521/Java,3355,2016-12-08T14:01:46Z,2024-08-08T12:55:41Z,28772
WinterChenS/my-site,3353,2018-05-03T09:05:37Z,2024-11-12T05:30:08Z,6362
DataLinkDC/dinky,3348,2021-06-09T07:11:26Z,2025-03-14T01:09:57Z,38118
rom1v/sndcpy,3348,2020-06-09T19:36:57Z,2023-12-06T19:00:29Z,171
apache/linkis,3347,2019-07-23T06:41:51Z,2025-03-11T08:44:11Z,91437
TNG/ArchUnit,3342,2017-04-21T08:39:20Z,2025-03-06T16:31:03Z,17172
cropsly/ffmpeg-android-java,3338,2014-09-11T10:12:09Z,2021-07-31T10:27:20Z,90083
luojilab/DDComponentForAndroid,3332,2017-09-07T05:48:44Z,2020-08-05T03:14:22Z,1060
aragozin/jvm-tools,3327,2012-04-28T09:28:32Z,2024-01-26T12:20:14Z,5659
getActivity/Toaster,3325,2018-09-16T05:28:57Z,2025-02-08T10:41:07Z,55667
iammert/ScalingLayout,3321,2017-10-01T12:28:34Z,2023-05-28T15:10:34Z,8367
ivacf/archi,3320,2015-09-11T16:13:34Z,2019-10-03T12:13:37Z,1454
uncle-novel/uncle-novel,3312,2018-12-11T12:15:30Z,2024-01-18T13:26:18Z,90990
Netflix/concurrency-limits,3307,2017-12-11T19:32:41Z,2024-11-20T21:22:42Z,826
chenBingX/SuperTextView,3306,2017-04-17T11:32:41Z,2022-01-17T16:02:08Z,36727
amitshekhariitbhu/PRDownloader,3304,2017-11-11T19:29:38Z,2025-03-05T15:06:55Z,477
shekhargulati/99-problems,3304,2015-11-22T05:56:33Z,2020-10-30T07:19:57Z,386
trojan-gfw/igniter,3302,2018-11-08T22:19:03Z,2023-11-27T02:43:57Z,17590
